image,quality,width,height,raw_rgb_bytes,payload_bits,file_bytes,payload_bpp,file_bpp,compression_ratio,space_saving_percent,psnr_db,encode_cpu_s,decode_cpu_s,encode_wall_s,decode_wall_s,encode_cpu_s_per_mb,decode_cpu_s_per_mb,encode_wall_s_per_mb,decode_wall_s_per_mb,encode_mb_per_s,decode_mb_per_s,repeats,warmup_runs
0801.ppm,10,2040,1356,8298720,944308,118068,0.34136879,0.34145410,70.28763086,98.57727457,27.82867456,14.844000000,29.969000000,14.874601603,30.081481695,1.788709584,3.611279812,1.792397093,3.624833914,0.557912085,0.275874709,1,0
0801.ppm,30,2040,1356,8298720,1883845,235510,0.68101285,0.68109781,35.23722984,97.16209247,31.80944103,14.859000000,29.953000000,14.892199993,30.022286415,1.790517092,3.609351804,1.794517708,3.617700852,0.557252790,0.276418654,1,0
0801.ppm,50,2040,1356,8298720,2544929,318146,0.91999573,0.92008213,26.08462781,96.16632445,33.37425189,14.843000000,30.218000000,14.868748903,30.270992041,1.788589084,3.641284439,1.791691840,3.647670007,0.558131693,0.274147606,1,0
0801.ppm,75,2040,1356,8298720,3750577,468852,1.35583933,1.35592573,17.70008446,94.35030945,35.29357388,14.938000000,30.281000000,14.959705591,30.313091278,1.800036632,3.648875971,1.802652167,3.652742987,0.554738190,0.273766866,1,0
0801.ppm,90,2040,1356,8298720,6287398,785954,2.27290401,2.27298861,10.55878588,90.52921414,37.77139154,15.047000000,32.688000000,15.085415840,33.056624174,1.813171188,3.938920701,1.817800316,3.983340102,0.550115429,0.251045598,1,0
0801.ppm,100,2040,1356,8298720,17918174,2239801,6.47744737,6.47753196,3.70511487,73.01028351,43.58537722,16.547000000,31.234000000,16.587734461,31.336851120,1.993921954,3.763712958,1.998830478,3.776106571,0.500292552,0.264823034,1,0
0802.ppm,10,2040,1356,8298720,667159,83424,0.24117900,0.24126323,99.47640967,98.99473654,28.59284933,14.641000000,31.188000000,14.656643391,31.379329681,1.764247980,3.758169935,1.766133017,3.781225259,0.566208768,0.264464540,1,0
0802.ppm,30,2040,1356,8298720,1333011,166656,0.48188552,0.48197120,49.79550691,97.99178669,32.68702413,15.593000000,31.344000000,15.699761629,31.472517014,1.878964467,3.776968014,1.891829298,3.792454380,0.528588917,0.263681484,1,0
0802.ppm,50,2040,1356,8298720,1869917,233769,0.67597786,0.67606281,35.49965992,97.18307161,34.14188833,16.594000000,30.750000000,16.918979168,30.878126383,1.999585478,3.705390711,2.038745634,3.720830005,0.490497678,0.268757239,1,0
0802.ppm,75,2040,1356,8298720,2861053,357660,1.03427504,1.03435711,23.20281832,95.69017873,35.70292128,15.406000000,31.640000000,15.492023945,31.946028709,1.856430871,3.812636166,1.866796801,3.849512781,0.535676941,0.259773134,1,0
0802.ppm,90,2040,1356,8298720,5000916,625143,1.80783880,1.80792122,13.27491470,92.46699491,37.53052687,18.125000000,30.875000000,18.684435129,30.987663984,2.184071760,3.720453275,2.251483979,3.734029342,0.444151506,0.267807215,1,0
0802.ppm,100,2040,1356,8298720,16578056,2072287,5.99299265,5.99307941,4.00461905,75.02883577,42.17455382,16.109000000,31.406000000,16.139169693,31.439471960,1.941142730,3.784439046,1.944778194,3.788472434,0.514197456,0.263958632,1,0
0803.ppm,10,2040,1536,9400320,609533,76221,0.19452519,0.19460018,123.32979100,99.18916590,29.54970994,16.563000000,35.984000000,16.593703985,36.374510288,1.761961295,3.827954793,1.765227565,3.869497027,0.566499198,0.258431520,1,0
0803.ppm,30,2040,1536,9400320,1033378,129202,0.32979026,0.32986622,72.75676847,98.62555743,34.65142957,17.203000000,35.688000000,17.268292665,35.993019342,1.830044084,3.796466503,1.836989875,3.828914265,0.544368814,0.261170643,1,0
0803.ppm,50,2040,1536,9400320,1353751,169248,0.43203348,0.43210784,55.54169030,98.19955065,36.55264270,17.937000000,37.890000000,18.041380644,38.471004963,1.908126532,4.030713848,1.919230478,4.092520783,0.521042163,0.244348179,1,0
0803.ppm,75,2040,1536,9400320,2019184,252427,0.64439849,0.64447253,37.23975644,97.31469780,38.58745851,19.203000000,36.516000000,19.445448160,36.803748846,2.042802798,3.884548611,2.068594278,3.915159148,0.483420075,0.255417459,1,0
0803.ppm,90,2040,1536,9400320,3684426,460582,1.17584061,1.17591401,20.40965561,95.10035829,40.89872071,17.094000000,35.000000000,17.146600008,35.038751841,1.818448734,3.723277505,1.824044289,3.727399901,0.548232302,0.268283529,1,0
0803.ppm,100,2040,1536,9400320,12338834,1542383,3.93779169,3.93786509,6.09467298,83.59222878,44.51509734,17.484000000,35.140000000,17.544318438,35.260067225,1.859936683,3.738170615,1.866353320,3.750943290,0.535804228,0.266599605,1,0
0804.ppm,10,2040,1200,7344000,843633,105483,0.34462132,0.34471569,69.62259321,98.56368464,25.64051694,13.109000000,27.250000000,13.116550446,27.377608061,1.784994553,3.710511983,1.786022664,3.727887808,0.559903309,0.268248416,1,0
0804.ppm,30,2040,1200,7344000,1720530,215095,0.70283088,0.70292484,34.14305307,97.07114651,29.03924714,13.375000000,27.391000000,13.399119854,27.661667347,1.821214597,3.729711329,1.824498891,3.766566905,0.548095702,0.265493757,1,0
0804.ppm,50,2040,1200,7344000,2375717,296994,0.97047263,0.97056863,24.72777228,95.95596405,30.37293506,13.765000000,29.281000000,13.950680017,29.600142479,1.874319172,3.987064270,1.899602399,4.030520490,0.526425951,0.248106914,1,0
0804.ppm,75,2040,1200,7344000,3604990,450653,1.47262663,1.47272222,16.29635218,93.86365741,32.15642839,15.329000000,28.219000000,15.596920013,28.448473454,2.087282135,3.842456427,2.123763618,3.873702812,0.470862195,0.258150934,1,0
0804.ppm,90,2040,1200,7344000,6252547,781598,2.55414502,2.55424183,9.39613459,89.35732571,34.60864523,14.360000000,28.203000000,14.441574335,28.451344013,1.955337691,3.840277778,1.966445307,3.874093684,0.508531814,0.258124888,1,0
0804.ppm,100,2040,1200,7344000,17565916,2195769,7.17561928,7.17571569,3.34461412,70.10118464,38.76012149,15.047000000,29.235000000,15.143867254,29.416012764,2.048883442,3.980800654,2.062073428,4.005448361,0.484948783,0.249659941,1,0
0805.ppm,10,2040,1536,9400320,931733,116496,0.29735147,0.29742647,80.69221261,98.76072304,27.65590301,17.328000000,38.360000000,17.321801662,38.952447891,1.843341503,4.080712146,1.842682128,4.143736372,0.542687198,0.241328094,1,0
0805.ppm,30,2040,1536,9400320,1959373,244951,0.62531052,0.62538552,38.37632833,97.39422701,31.29172430,17.546000000,37.266000000,17.586899042,37.630113602,1.866532203,3.964333129,1.870883017,4.003067300,0.534506963,0.249808441,1,0
0805.ppm,50,2040,1536,9400320,2791623,348982,0.89091318,0.89098754,26.93640360,96.28755191,32.71738445,18.203000000,38.219000000,18.403038502,38.578001738,1.936423441,4.065712657,1.957703408,4.103903031,0.510802605,0.243670475,1,0
0805.ppm,75,2040,1536,9400320,4342125,542795,1.38573740,1.38581240,17.31836144,94.22578168,34.64076204,17.641000000,36.922000000,17.791446447,37.137124777,1.876638242,3.927738630,1.892642638,3.950623466,0.528361762,0.253124604,1,0
0805.ppm,90,2040,1536,9400320,7791383,973952,2.48652695,2.48660131,9.65172822,89.63916122,37.71076339,20.187000000,38.016000000,20.543307066,38.653060913,2.147480086,4.044117647,2.185383802,4.111887778,0.457585527,0.243197299,1,0
0805.ppm,100,2040,1536,9400320,21846837,2730884,6.97215744,6.97223243,3.44222603,70.94903152,46.96258926,21.016000000,39.875000000,21.508840084,40.386521578,2.235668573,4.241876872,2.288096584,4.296292209,0.437044488,0.232758842,1,0
0806.ppm,10,2040,1356,8298720,693559,86724,0.25072264,0.25080687,95.69115816,98.95497137,27.07834717,15.688000000,33.547000000,15.801547050,33.710951805,1.890412015,4.042430640,1.904094493,4.062186916,0.525184020,0.246172818,1,0
0806.ppm,30,2040,1356,8298720,1343234,167934,0.48558115,0.48566719,49.41655650,97.97638672,30.39420248,16.172000000,33.625000000,16.244939089,34.026353598,1.948734263,4.051829680,1.957523460,4.100192993,0.510849561,0.243890959,1,0
0806.ppm,50,2040,1356,8298720,1838817,229882,0.66473516,0.66482156,36.09991213,97.22991015,31.64638286,17.750000000,32.968000000,17.985011101,33.245412827,2.138884069,3.972660844,2.167203027,4.006089231,0.461424236,0.249620002,1,0
0806.ppm,75,2040,1356,8298720,2764441,345585,0.99934966,0.99943606,24.01354225,95.83568309,33.27417358,16.547000000,31.953000000,16.658048153,32.164017439,1.993921954,3.850352825,2.007303313,3.875780535,0.498180815,0.258012545,1,0
0806.ppm,90,2040,1356,8298720,4799891,600016,1.73516795,1.73525363,13.83083118,92.76977654,35.54978190,16.484000000,33.844000000,16.571401596,34.045417786,1.986330422,4.078219292,1.996862359,4.102490238,0.500785643,0.243754389,1,0
0806.ppm,100,2040,1356,8298720,15119325,1889944,5.46565916,5.46574122,4.39098725,77.22607824,38.59716691,15.938000000,32.234000000,15.963891268,32.383590460,1.920537143,3.884213469,1.923657054,3.902239196,0.519843180,0.256263122,1,0
0807.ppm,10,2040,1128,6903360,1207731,150995,0.52484486,0.52494437,45.71912977,97.81273177,20.92353121,12.609000000,25.657000000,12.630499125,25.738161564,1.826501877,3.716595976,1.829616176,3.728352797,0.546562723,0.268214961,1,0
0807.ppm,30,2040,1128,6903360,2690286,336315,1.16912025,1.16922194,20.52647072,95.12824190,23.28130422,12.735000000,25.625000000,12.763019085,25.674887896,1.844753859,3.711960553,1.848812619,3.719187163,0.540887697,0.268875955,1,0
0807.ppm,50,2040,1128,6903360,3796121,474544,1.64968407,1.64978445,14.54735493,93.12589811,24.50030675,13.344000000,30.141000000,13.474004984,30.608318567,1.932971770,4.366134752,1.951803902,4.433829116,0.512346552,0.225538688,1,0
0807.ppm,75,2040,1128,6903360,5821165,727675,2.52970945,2.52981157,9.48687257,89.45911846,26.36662956,13.063000000,26.078000000,13.212449551,26.133764744,1.892266954,3.777580772,1.913915767,3.785658686,0.522489034,0.264154823,1,0
0807.ppm,90,2040,1128,6903360,9654175,1206801,4.19542440,4.19552566,5.72037975,82.51864310,28.73969794,13.282000000,27.890000000,13.358239889,28.127942324,1.923990636,4.040061651,1.935034518,4.074529262,0.516786647,0.245427124,1,0
0807.ppm,100,2040,1128,6903360,24248691,3031115,10.53777769,10.53787721,2.27749854,56.09217830,30.61863994,15.359000000,28.094000000,15.411059141,28.236332893,2.224858620,4.069612479,2.232399750,4.090230394,0.447948446,0.244485005,1,0
0808.ppm,10,2040,1356,8298720,722410,90331,0.26115232,0.26123836,91.87012211,98.91150683,26.50341703,15.125000000,30.797000000,15.168416023,30.960214376,1.822570228,3.711054235,1.827801881,3.730721651,0.547105247,0.268044656,1,0
0808.ppm,30,2040,1356,8298720,1412860,176637,0.51075106,0.51083637,46.98177619,97.87151513,29.78562506,16.110000000,30.984000000,16.185212851,31.232332706,1.941263231,3.733587830,1.950326418,3.763512048,0.512734684,0.265709260,1,0
0808.ppm,50,2040,1356,8298720,1955842,244510,0.70703988,0.70712592,33.94020694,97.05364201,31.26383390,15.375000000,30.781000000,15.413508892,31.073768139,1.852695355,3.709126227,1.857335697,3.744404937,0.538405632,0.267065132,1,0
0808.ppm,75,2040,1356,8298720,2988466,373587,1.08033504,1.08041818,22.21362092,95.49825756,33.46380929,15.891000000,30.828000000,15.924340963,30.977660894,1.914873619,3.714789751,1.918891222,3.732823965,0.521134282,0.267893694,1,0
0808.ppm,90,2040,1356,8298720,5179824,647507,1.87251432,1.87259818,12.81641743,92.19750757,36.59890369,15.344000000,33.891000000,15.406311989,34.375672102,1.848959840,4.083882816,1.856468466,4.142286052,0.538657143,0.241412589,1,0
0808.ppm,100,2040,1356,8298720,16107967,2013524,5.82305476,5.82313610,4.12149048,75.73693292,41.58905399,17.172000000,32.875000000,17.216307163,33.063431978,2.069234774,3.961454297,2.074573809,3.984160446,0.482026716,0.250993908,1,0
0809.ppm,10,2040,1356,8298720,775944,97023,0.28050495,0.28059171,85.53353329,98.83086789,28.62267374,15.000000000,31.000000000,15.091515303,31.231719971,1.807507664,3.735515839,1.818535305,3.763438213,0.549893091,0.265714473,1,0
0809.ppm,30,2040,1356,8298720,1585496,198217,0.57315923,0.57324599,41.86684290,97.61147502,33.30123425,17.875000000,34.094000000,18.243207932,34.385105610,2.153946633,4.108344419,2.198315877,4.143422794,0.454893680,0.241346358,1,0
0809.ppm,50,2040,1356,8298720,2169929,271271,0.78443266,0.78451906,30.59199103,96.73117059,35.20484305,17.500000000,33.703000000,17.756305695,33.826372623,2.108758941,4.061228720,2.139643908,4.076095184,0.467367489,0.245332838,1,0
0809.ppm,75,2040,1356,8298720,3226766,403375,1.16648085,1.16656545,20.57321351,95.13931064,37.41608237,16.391000000,35.328000000,16.577859163,36.231366396,1.975123875,4.257042050,1.997640499,4.365898162,0.500590572,0.229047945,1,0
0809.ppm,90,2040,1356,8298720,5454289,681816,1.97173383,1.97182023,12.17149495,91.78408236,40.01000328,17.062000000,34.750000000,17.307096004,35.044060707,2.055979717,4.187392755,2.085513911,4.222827220,0.479498120,0.236808173,1,0
0809.ppm,100,2040,1356,8298720,16259733,2032496,5.87791840,5.87800335,4.08301911,75.50831936,46.54853039,16.516000000,32.469000000,16.557676792,32.575838327,1.990186438,3.912531089,1.995208513,3.925405162,0.501200748,0.254750773,1,0
0810.ppm,10,2040,1536,9400320,987744,123497,0.31522672,0.31530076,76.11780043,98.68624685,27.16682534,16.937000000,35.281000000,16.938716650,35.626622200,1.801747175,3.753170105,1.801929791,3.789937172,0.554960579,0.263856617,1,0
0810.ppm,30,2040,1536,9400320,1876444,234584,0.59884472,0.59891748,40.07229820,97.50451048,31.52923444,18.000000000,35.297000000,18.087220669,35.407432079,1.914828431,3.754872175,1.924106910,3.766619868,0.519721641,0.265490024,1,0
0810.ppm,50,2040,1536,9400320,2524160,315549,0.80555556,0.80562960,29.79036536,96.64321002,33.43971663,18.344000000,36.906000000,18.620974302,37.346822500,1.951422930,3.926036560,1.980887279,3.972930975,0.504824283,0.251703341,1,0
0810.ppm,75,2040,1536,9400320,3812226,476558,1.21662646,1.21670241,19.72544790,94.93040662,36.06870638,17.875000000,39.188000000,18.012692690,39.735964775,1.901531012,4.168794254,1.916178672,4.227086394,0.521872002,0.236569567,1,0
0810.ppm,90,2040,1536,9400320,6554708,819368,2.09185687,2.09193219,11.47264721,91.28361588,39.71319228,18.516000000,36.907000000,18.739019394,37.110229015,1.969720180,3.926142940,1.993444840,3.947762312,0.501644179,0.253308057,1,0
0810.ppm,100,2040,1536,9400320,18283175,2285426,5.83485722,5.83493158,4.11315877,75.68778510,47.86670292,19.953000000,45.266000000,20.091446400,46.430636883,2.122587316,4.815367987,2.137315155,4.939261311,0.467876718,0.202459424,1,0
0811.ppm,10,2040,1356,8298720,830044,103785,0.30006218,0.30014749,79.96068796,98.74938545,27.42432535,19.375000000,35.531000000,19.892641544,36.203559875,2.334697399,4.281503654,2.397073470,4.362547462,0.417175365,0.229223867,1,0
0811.ppm,30,2040,1356,8298720,1762511,220343,0.63715043,0.63723466,37.66273492,97.34485559,31.17578861,16.546000000,33.969000000,16.655939102,34.475855827,1.993801454,4.093281856,2.007049172,4.154358242,0.498243897,0.240711066,1,0
0811.ppm,50,2040,1356,8298720,2450647,306360,0.88591265,0.88599688,27.08813161,96.30834635,32.66811299,17.406000000,34.390000000,17.737856150,34.965657711,2.097431893,4.144012571,2.137420729,4.213379619,0.467853608,0.237339165,1,0
0811.ppm,75,2040,1356,8298720,3729315,466194,1.34815309,1.34823876,17.80100130,94.38233848,34.54461848,18.015000000,33.078000000,18.336070299,33.368839979,2.170816704,3.985915900,2.209505839,4.020962266,0.452589888,0.248696688,1,0
0811.ppm,90,2040,1356,8298720,6469335,808696,2.33867452,2.33875875,10.26185365,90.25517188,37.15884764,17.734000000,33.563000000,17.956884861,33.772204876,2.136956061,4.044358648,2.163813800,4.069567943,0.462146974,0.245726331,1,0
0811.ppm,100,2040,1356,8298720,18871145,2358922,6.82194784,6.82203135,3.51801374,71.57486938,43.65048319,18.578000000,34.454000000,18.786961555,34.771068811,2.238658492,4.151724603,2.263838466,4.189931557,0.441727630,0.238667383,1,0
0812.ppm,10,2040,1536,9400320,937716,117244,0.29926088,0.29933619,80.17740780,98.75276586,27.86802740,17.828000000,42.406000000,17.904521465,45.014958382,1.896531182,4.511123026,1.904671486,4.788662341,0.525024923,0.208826584,1,0
0812.ppm,30,2040,1536,9400320,1786309,223318,0.57007921,0.57015421,42.09387510,97.62435747,31.73114873,19.235000000,36.703000000,19.485286236,37.019678354,2.046206938,3.904441551,2.072832227,3.938129591,0.482431712,0.253927652,1,0
0812.ppm,50,2040,1536,9400320,2390320,298819,0.76284212,0.76291616,31.45824061,96.82118268,33.29591313,19.265000000,35.781000000,19.410649538,35.956251144,2.049398318,3.806359783,2.064892423,3.825002888,0.484286730,0.261437711,1,0
0812.ppm,75,2040,1536,9400320,3556169,444551,1.13490892,1.13498519,21.14565033,95.27089503,35.40886404,18.062000000,35.531000000,18.240731239,35.784926414,1.921423952,3.779764944,1.940437266,3.806777473,0.515347761,0.262689376,1,0
0812.ppm,90,2040,1536,9400320,6188967,773650,1.97513500,1.97520935,12.15061074,91.76996102,38.40439925,17.453000000,37.078000000,17.485916853,37.334227324,1.856638923,3.944333810,1.860140597,3.971591108,0.537593772,0.251788256,1,0
0812.ppm,100,2040,1536,9400320,18732584,2341603,5.97828074,5.97835733,4.01448068,75.09017778,44.66345726,18.328000000,36.281000000,18.467876911,36.584112167,1.949720861,3.859549462,1.964600876,3.891794340,0.509009240,0.256950885,1,0
0813.ppm,10,2040,1464,8959680,732749,91623,0.24534883,0.24542752,97.78854654,98.97738535,28.54147887,16.687000000,35.281000000,16.939745665,35.585240126,1.862454909,3.937752241,1.890664138,3.971708825,0.528914671,0.251780794,1,0
0813.ppm,30,2040,1464,8959680,1335022,166907,0.44700994,0.44708829,53.68067247,98.13713213,32.49481435,16.844000000,34.594000000,16.971097469,34.873675108,1.879977856,3.861075396,1.894163348,3.892290250,0.527937572,0.256918147,1,0
0813.ppm,50,2040,1464,8959680,1850649,231360,0.61965907,0.61973642,38.72614108,97.41776492,33.97734474,18.235000000,37.079000000,18.668499231,37.371982336,2.035228937,4.138429051,2.083612275,4.171129140,0.479935740,0.239743237,1,0
0813.ppm,75,2040,1464,8959680,2889172,361176,0.96739125,0.96747027,24.80696392,95.96887389,35.79880061,16.422000000,32.843000000,16.461974382,32.963974476,1.832877960,3.665644309,1.837339546,3.679146407,0.544265213,0.271802176,1,0
0813.ppm,90,2040,1464,8959680,5297590,662228,1.77381000,1.77388835,13.52960008,92.60879853,38.38313077,16.406000000,32.906000000,16.418422461,32.983420849,1.831092182,3.672675810,1.832478667,3.681316838,0.545708945,0.271641927,1,0
0813.ppm,100,2040,1464,8959680,15408902,1926142,5.15941485,5.15949320,4.65161966,78.50211168,44.44062335,17.157000000,34.593000000,17.173179388,34.727774382,1.914912140,3.860963784,1.916717939,3.876006105,0.521725174,0.257997530,1,0
0814.ppm,10,2040,1356,8298720,645484,80714,0.23334346,0.23342588,102.81636395,99.02739218,27.83069797,14.844000000,30.344000000,14.868963242,30.495564938,1.788709584,3.656467503,1.791717667,3.674731156,0.558123648,0.272128751,1,0
0814.ppm,30,2040,1356,8298720,1095567,136975,0.39604915,0.39613338,60.58565432,98.34944425,31.95002588,14.828000000,30.390000000,14.833524942,30.455838442,1.786781576,3.662010527,1.787447334,3.669944093,0.559457043,0.272483715,1,0
0814.ppm,50,2040,1356,8298720,1419338,177446,0.51309286,0.51317601,46.76758000,97.86176663,33.52300045,14.968000000,30.297000000,15.024044752,30.373012781,1.803651647,3.650803979,1.810405069,3.659963558,0.552362572,0.273226764,1,0
0814.ppm,75,2040,1356,8298720,2015119,251919,0.72846861,0.72855284,32.94201708,96.96436318,35.62983474,15.078000000,30.250000000,15.135191917,30.363816023,1.816906704,3.645140455,1.823798359,3.658855344,0.548306229,0.273309521,1,0
0814.ppm,90,2040,1356,8298720,3368294,421066,1.21764344,1.21772804,19.70883424,94.92613319,38.44129146,15.078000000,30.984000000,15.112593651,31.055724859,1.816906704,3.733587830,1.821075256,3.742230713,0.549126126,0.267220296,1,0
0814.ppm,100,2040,1356,8298720,11222392,1402828,4.05691191,4.05699578,5.91570741,83.09585093,43.11098241,15.500000000,31.469000000,15.564807892,31.648401737,1.867757919,3.792030578,1.875567303,3.813648579,0.533172016,0.262216085,1,0
0815.ppm,10,2040,1356,8298720,650676,81364,0.23522037,0.23530569,101.99498550,99.01955964,28.07018217,15.172000000,30.359000000,15.247180700,30.430480003,1.828233752,3.658275011,1.837293065,3.666888388,0.544278983,0.272710782,1,0
0815.ppm,30,2040,1356,8298720,1220731,152620,0.44129613,0.44137891,54.37504914,98.16092120,31.87324739,14.859000000,30.062000000,14.886881828,30.170163155,1.790517092,3.622486359,1.793876866,3.635520075,0.557451862,0.275063809,1,0
0815.ppm,50,2040,1356,8298720,1666674,208363,0.60250521,0.60258835,39.82818447,97.48921520,33.23090849,14.906000000,30.610000000,15.000865459,30.699099302,1.796180616,3.688520639,1.807611952,3.699257151,0.553216081,0.270324543,1,0
0815.ppm,75,2040,1356,8298720,2564110,320543,0.92692970,0.92701429,25.88956864,96.13744047,34.78756901,15.172000000,30.859000000,15.205307007,30.967785597,1.828233752,3.718525267,1.832247263,3.731633987,0.545777865,0.267979122,1,0
0815.ppm,90,2040,1356,8298720,4702704,587866,1.70003470,1.70011568,14.11668646,92.91618466,36.73599208,15.047000000,30.516000000,15.061385393,30.570990324,1.813171188,3.677193591,1.814904635,3.683819953,0.550993138,0.271457349,1,0
0815.ppm,100,2040,1356,8298720,16232769,2029125,5.86817087,5.86825438,4.08980225,75.54894008,40.64036333,15.907000000,31.344000000,15.980168104,31.432177544,1.916801627,3.776968014,1.925618421,3.787593453,0.519313686,0.264019888,1,0
0816.ppm,10,2040,1356,8298720,653024,81658,0.23606918,0.23615594,101.62776458,99.01601693,29.06162348,14.766000000,30.266000000,14.830132961,30.439481735,1.779310544,3.647068464,1.787038599,3.667973101,0.559585003,0.272630135,1,0
0816.ppm,30,2040,1356,8298720,1293346,161697,0.46754656,0.46762971,51.32265905,98.05154289,33.50221236,15.047000000,30.015000000,15.116446257,30.171854258,1.813171188,3.616822835,1.821539497,3.635723854,0.548986174,0.275048392,1,0
0816.ppm,50,2040,1356,8298720,1813078,226664,0.65543048,0.65551507,36.61243073,97.26868722,35.10247506,14.828000000,30.500000000,14.868439913,30.584127903,1.786781576,3.675265583,1.791654606,3.685403038,0.558143292,0.271340743,1,0
0816.ppm,75,2040,1356,8298720,2806535,350846,1.01456670,1.01465093,23.65345479,95.77228777,37.16248427,15.047000000,30.719000000,15.163732767,30.799787283,1.813171188,3.701655195,1.827237546,3.711390104,0.547274219,0.269440822,1,0
0816.ppm,90,2040,1356,8298720,4996840,624635,1.80636532,1.80645208,13.28571086,92.47311634,40.21898388,15.265000000,30.531000000,15.323884726,30.589097500,1.839440299,3.679001099,1.846535939,3.686001877,0.541554583,0.271296661,1,0
0816.ppm,100,2040,1356,8298720,15319230,1914933,5.53792513,5.53800972,4.33368687,76.92495951,48.86291312,16.078000000,31.375000000,16.189392090,31.484131098,1.937407215,3.780703530,1.950830018,3.793853883,0.512602323,0.263584216,1,0
0817.ppm,10,2040,1536,9400320,795862,99512,0.25398986,0.25406454,94.46418522,98.94139774,26.51695700,16.672000000,34.094000000,16.800956726,34.166569710,1.773556645,3.626897808,1.787274979,3.634617727,0.559510994,0.275132098,1,0
0817.ppm,30,2040,1536,9400320,1572718,196620,0.50191419,0.50199142,47.80958193,97.90836908,30.31128753,16.656000000,34.672000000,16.771903992,34.827099085,1.771854575,3.688385076,1.784184367,3.704884417,0.560480194,0.269913953,1,0
0817.ppm,50,2040,1536,9400320,2186348,273323,0.69774689,0.69782220,34.39271485,97.09240749,31.70350640,16.937000000,34.390000000,16.952796936,34.558753729,1.801747175,3.658386097,1.803427642,3.676338011,0.554499652,0.272009809,1,0
0817.ppm,75,2040,1536,9400320,3393335,424196,1.08294239,1.08301675,22.16032212,95.48743022,33.39852163,16.938000000,35.062000000,16.955112219,35.229515314,1.801853554,3.729873026,1.803673941,3.747693197,0.554423933,0.266830807,1,0
0817.ppm,90,2040,1536,9400320,6202907,775393,1.97958378,1.97965942,12.12329748,91.75141910,35.73723848,17.203000000,34.516000000,17.241947174,34.603539228,1.830044084,3.671789897,1.834187259,3.681102263,0.545200603,0.271657761,1,0
0817.ppm,100,2040,1536,9400320,18887161,2360925,6.02761215,6.02768842,3.98162585,74.88463159,39.62462979,18.110000000,35.500000000,18.146910429,35.553744078,1.926530161,3.776467184,1.930456668,3.782184445,0.518012145,0.264397470,1,0
0818.ppm,10,2040,1536,9400320,892332,111571,0.28477711,0.28485243,84.25415206,98.81311487,26.95625500,16.703000000,35.875000000,16.737329721,36.232824087,1.776854405,3.816359443,1.780506379,3.854424539,0.561637977,0.259442101,1,0
0818.ppm,30,2040,1536,9400320,1661175,207676,0.53014419,0.53021855,45.26435409,97.79075606,30.49433564,17.734000000,33.875000000,17.848459005,33.941195250,1.886531522,3.603600728,1.898707598,3.610642537,0.526674039,0.276959015,1,0
0818.ppm,50,2040,1536,9400320,2230202,278804,0.71174237,0.71181577,33.71658943,97.03410097,31.81538297,16.641000000,33.750000000,16.670716763,33.811403275,1.770258885,3.590303309,1.773420135,3.596835350,0.563882173,0.278022179,1,0
0818.ppm,75,2040,1536,9400320,3312051,414036,1.05700157,1.05707721,22.70411269,95.59551164,33.49196294,17.109000000,33.891000000,17.112583876,33.963174343,1.820044424,3.605302798,1.820425674,3.612980658,0.549322070,0.276779782,1,0
0818.ppm,90,2040,1536,9400320,5747633,718483,1.83428851,1.83436223,13.08356635,92.35682402,35.80105360,16.922000000,34.094000000,16.923048019,34.148721695,1.800151484,3.626897808,1.800262972,3.632719066,0.555474403,0.275275897,1,0
0818.ppm,100,2040,1536,9400320,17325677,2165738,5.52928315,5.52935560,4.34046962,76.96101835,39.52299449,18.063000000,34.953000000,18.068016052,34.991995335,1.921530331,3.718277676,1.922063935,3.722425974,0.520274056,0.268642011,1,0
0819.ppm,10,2040,1356,8298720,935288,116940,0.33810805,0.33819191,70.96562340,98.59086703,26.35569613,14.594000000,29.906000000,14.666502476,29.976185560,1.758584456,3.603688280,1.767321042,3.612145676,0.565828153,0.276843763,1,0
0819.ppm,30,2040,1356,8298720,1928278,241063,0.69707545,0.69715715,34.42552362,97.09517853,29.87808245,14.750000000,29.953000000,14.774201632,29.988755226,1.777382536,3.609351804,1.780298845,3.613660327,0.561703448,0.276727725,1,0
0819.ppm,50,2040,1356,8298720,2639364,329950,0.95413413,0.95421945,25.15144719,96.02408564,31.30609917,14.797000000,30.109000000,14.868295908,30.160167933,1.783046060,3.628149883,1.791637253,3.634315645,0.558148698,0.275154967,1,0
0819.ppm,75,2040,1356,8298720,3936953,492149,1.42321454,1.42330094,16.86221043,94.06957941,33.13321655,14.938000000,30.407000000,14.936295986,30.508396864,1.800036632,3.664059036,1.799831298,3.676277410,0.555607629,0.272014293,1,0
0819.ppm,90,2040,1356,8298720,6627398,828454,2.39581454,2.39589913,10.01711622,90.01708697,35.60624477,15.109000000,30.219000000,15.128892660,30.281694412,1.820642220,3.641404940,1.823039295,3.648959648,0.548534528,0.274050715,1,0
0819.ppm,100,2040,1356,8298720,18929139,2366172,6.84291276,6.84299844,3.50723447,71.48750651,40.59101456,15.891000000,31.047000000,15.924964666,31.088550329,1.914873619,3.741179363,1.918966379,3.746186198,0.521113872,0.266938146,1,0
0820.ppm,10,2040,1356,8298720,1210839,151384,0.43772015,0.43780438,54.81900333,98.17581507,25.76782438,14.688000000,29.891000000,14.703172684,29.935503960,1.769911504,3.601880772,1.771739821,3.607243522,0.564416958,0.277219986,1,0
0820.ppm,30,2040,1356,8298720,2306589,288353,0.83383546,0.83392041,28.77972485,96.52533162,29.93234304,14.765000000,29.938000000,14.803915262,29.997164965,1.779190044,3.607544296,1.783879353,3.614673704,0.560576027,0.276650144,1,0
0820.ppm,50,2040,1356,8298720,3056125,382045,1.10479387,1.10487882,21.72183905,95.39633823,31.77849678,14.984000000,30.125000000,15.024910212,30.132321596,1.805579656,3.630077892,1.810509357,3.630960148,0.552330755,0.275409247,1,0
0820.ppm,75,2040,1356,8298720,4399542,549972,1.59044118,1.59052577,15.08935000,93.37280930,34.32622746,14.937000000,30.234000000,14.954750299,30.281640053,1.799916132,3.643212447,1.802055052,3.648953098,0.554922004,0.274051207,1,0
0820.ppm,90,2040,1356,8298720,7107344,888447,2.56931575,2.56939962,9.34070350,89.29416826,37.79891468,15.109000000,30.266000000,15.122960091,30.317529678,1.820642220,3.647068464,1.822324418,3.653277816,0.548749712,0.273726787,1,0
0820.ppm,100,2040,1356,8298720,19119120,2389919,6.91159119,6.91167505,3.47238547,71.20135394,44.15552259,15.844000000,30.969000000,15.931465626,31.018768072,1.909210095,3.731780323,1.919749748,3.737777401,0.520901227,0.267538671,1,0
0821.ppm,10,2040,1356,8298720,1105178,138177,0.39952354,0.39960958,60.05862047,98.33496009,26.53280530,14.656000000,29.891000000,14.704155207,29.921808004,1.766055488,3.601880772,1.771858215,3.605593152,0.564379244,0.277346877,1,0
0821.ppm,30,2040,1356,8298720,2099223,262433,0.75887233,0.75895945,31.62224263,96.83766894,30.59857282,14.703000000,30.047000000,14.743368149,30.174913406,1.771719012,3.620678852,1.776583395,3.636092482,0.562878164,0.275020508,1,0
0821.ppm,50,2040,1356,8298720,2815947,352023,1.01796916,1.01805483,23.57436872,95.75810486,32.17933663,14.813000000,30.046000000,14.889556885,30.097743988,1.784974068,3.620558351,1.794199212,3.626793528,0.557351711,0.275725649,1,0
0821.ppm,75,2040,1356,8298720,4100590,512602,1.48236957,1.48245127,16.18940230,93.82311971,34.03226184,14.922000000,30.016000000,14.942283154,30.062411308,1.798108624,3.616943336,1.800552754,3.622535922,0.555385005,0.276049713,1,0
0821.ppm,90,2040,1356,8298720,6751824,844007,2.44079472,2.44087859,9.83252509,89.82967253,36.35378205,15.125000000,30.562000000,15.118073702,30.596953630,1.822570228,3.682736615,1.821735605,3.686948545,0.548927077,0.271227002,1,0
0821.ppm,100,2040,1356,8298720,18665960,2333274,6.74777315,6.74785702,3.55668473,71.88392909,40.54380977,15.906000000,31.016000000,15.911524773,31.120623827,1.916681127,3.737443847,1.917346865,3.750051071,0.521554038,0.266663035,1,0
0822.ppm,10,2040,1596,9767520,1088388,136078,0.33428793,0.33436041,71.77883273,98.60683162,27.17147516,17.219000000,35.187000000,17.246550322,35.266987085,1.762883516,3.602449752,1.765704122,3.610638840,0.566346302,0.276959298,1,0
0822.ppm,30,2040,1596,9767520,2238940,279897,0.68766893,0.68774141,34.89683705,97.13441078,31.15427135,17.282000000,35.453000000,17.340452909,35.491891146,1.769333464,3.629682867,1.775317881,3.633664548,0.563279405,0.275204270,1,0
0822.ppm,50,2040,1596,9767520,3075832,384508,0.94471227,0.94478353,25.40264442,96.06340197,32.82782174,17.422000000,35.266000000,17.478043318,35.323716640,1.783666683,3.610537782,1.789404405,3.616446820,0.558845165,0.276514504,1,0
0822.ppm,75,2040,1596,9767520,4562391,570328,1.40129460,1.40136616,17.12614496,94.16097433,34.88242356,17.516000000,35.312000000,17.557963371,35.371948719,1.793290416,3.615247268,1.797586631,3.621384826,0.556301423,0.276137458,1,0
0822.ppm,90,2040,1596,9767520,7562892,945390,2.32286967,2.32293970,10.33173611,90.32108457,37.41065003,18.079000000,35.563000000,18.148595333,35.651982307,1.850930431,3.640944682,1.858055610,3.650054702,0.538197024,0.273968497,1,0
0822.ppm,100,2040,1596,9767520,21560260,2695062,6.62202688,6.62209937,3.62422831,72.40791931,42.87555246,18.672000000,36.421000000,18.686860800,36.473422289,1.911641850,3.728786836,1.913163300,3.734153837,0.522694534,0.267798287,1,0
0823.ppm,10,2040,1284,7858080,808319,101069,0.30859408,0.30868304,77.74965618,98.71382068,26.03601143,13.875000000,28.469000000,13.932839870,28.522569656,1.765698491,3.622895160,1.773059051,3.629712303,0.563997008,0.275503929,1,0
0823.ppm,30,2040,1284,7858080,1573131,196671,0.60057839,0.60066887,39.95545861,97.49721306,29.41060358,14.016000000,28.562000000,14.014643192,28.603086472,1.783641806,3.634730112,1.783469142,3.639958676,0.560704964,0.274728394,1,0
0823.ppm,50,2040,1284,7858080,2157026,269658,0.82349353,0.82358439,29.14091182,96.56839839,30.89201996,14.047000000,28.671000000,14.065891027,28.745860815,1.787586790,3.648601185,1.789990815,3.658127789,0.558662084,0.273363878,1,0
0823.ppm,75,2040,1284,7858080,3247735,405996,1.23989639,1.23998534,19.35506754,94.83339442,32.99357045,14.219000000,28.766000000,14.220265627,28.856198549,1.809475088,3.660690652,1.809636149,3.672169098,0.552597273,0.272318614,1,0
0823.ppm,90,2040,1284,7858080,5497678,687239,2.09886308,2.09895242,11.43427541,91.25436493,35.85909650,14.297000000,28.969000000,14.325153589,29.061671972,1.819401177,3.686523935,1.822983934,3.698317143,0.548551187,0.270393252,1,0
0823.ppm,100,2040,1284,7858080,16426953,2053398,6.27136132,6.27144951,3.82686649,73.86896036,40.35368431,15.046000000,29.531000000,15.047934294,29.542305708,1.914717081,3.758042677,1.914963234,3.759481414,0.522203237,0.265994133,1,0
0824.ppm,10,2040,1356,8298720,741488,92716,0.26804905,0.26813581,89.50688123,98.88276746,27.21838484,14.735000000,29.922000000,14.751988888,29.951097727,1.775575028,3.605616288,1.777622198,3.609122579,0.562549231,0.277075654,1,0
0824.ppm,30,2040,1356,8298720,1352103,169042,0.48878731,0.48887154,49.09265153,97.96303526,31.00574596,14.719000000,29.984000000,14.715822458,30.080574512,1.773647020,3.613087319,1.773264125,3.624724598,0.563931783,0.275883029,1,0
0824.ppm,50,2040,1356,8298720,1819588,227478,0.65778385,0.65786917,36.48141798,97.25887848,32.61150715,14.672000000,30.016000000,14.697041512,30.086203337,1.767983496,3.616943336,1.771001011,3.625402874,0.564652416,0.275831414,1,0
0824.ppm,75,2040,1356,8298720,2724977,340652,0.98508336,0.98516976,24.36128366,95.89512600,34.92841025,14.703000000,30.046000000,14.730756760,30.160294533,1.771719012,3.620558351,1.775063716,3.634330901,0.563360059,0.275153812,1,0
0824.ppm,90,2040,1356,8298720,4742904,592892,1.71456707,1.71465093,13.99701801,92.85562111,38.13895616,14.906000000,30.250000000,14.936900854,30.305216074,1.796180616,3.645140455,1.799904185,3.651794021,0.555585130,0.273838008,1,0
0824.ppm,100,2040,1356,8298720,13878698,1734867,5.01717060,5.01725664,4.78349061,79.09476401,43.15998071,15.860000000,30.672000000,15.873366594,30.713049650,1.911138103,3.695991671,1.912748785,3.700938175,0.522807808,0.270201758,1,0
0825.ppm,10,2040,1356,8298720,954800,119380,0.34516166,0.34524842,69.51516167,98.56146490,26.36107933,15.046000000,30.000000000,15.145552158,30.035822392,1.813050687,3.615015328,1.825046773,3.619331944,0.547931162,0.276294083,1,0
0825.ppm,30,2040,1356,8298720,1926881,240889,0.69657043,0.69665394,34.45039001,97.09727524,30.24578512,14.671000000,29.922000000,14.684358358,29.952084780,1.767862996,3.605616288,1.769472685,3.609241519,0.565140117,0.277066523,1,0
0825.ppm,50,2040,1356,8298720,2638322,329820,0.95375745,0.95384348,25.16136074,96.02565215,31.91496091,14.750000000,29.906000000,14.786303997,29.936361551,1.777382536,3.603688280,1.781757186,3.607346862,0.561243702,0.277212045,1,0
0825.ppm,75,2040,1356,8298720,3914918,489394,1.41524886,1.41533345,16.95713474,94.10277730,34.11772781,14.985000000,30.047000000,14.989233732,30.065367937,1.805700156,3.620678852,1.806210323,3.622892197,0.553645380,0.276022566,1,0
0825.ppm,90,2040,1356,8298720,6545364,818199,2.36615912,2.36624154,10.14266700,90.14066025,37.10573958,15.093000000,30.125000000,15.143280029,30.282604694,1.818714211,3.630077892,1.824772981,3.649069338,0.548013375,0.274042477,1,0
0825.ppm,100,2040,1356,8298720,17901367,2237700,6.47137161,6.47145584,3.70859365,73.03560067,42.23811777,15.813000000,31.406000000,15.829035044,31.460608006,1.905474579,3.784439046,1.907406810,3.791019339,0.524272009,0.263781298,1,0
0826.ppm,10,2040,1536,9400320,1078435,134833,0.34416967,0.34424275,69.71824405,98.56565521,24.69916234,16.485000000,33.718000000,16.540972710,33.721603155,1.753663705,3.586899169,1.759618046,3.587282471,0.568305151,0.278762547,1,0
0826.ppm,30,2040,1536,9400320,2154833,269384,0.68768925,0.68776552,34.89561370,97.13431032,28.33141230,16.578000000,33.719000000,16.589528084,33.781902313,1.763556985,3.587005549,1.764783335,3.593697056,0.566641797,0.278264969,1,0
0826.ppm,50,2040,1536,9400320,2941248,367685,0.93866422,0.93873826,25.56623196,96.08859060,30.09975918,16.671000000,33.766000000,16.724816084,33.831427097,1.773450266,3.592005379,1.779175186,3.598965471,0.562058199,0.277857625,1,0
0826.ppm,75,2040,1536,9400320,4383977,548027,1.39909397,1.39917024,17.15302348,94.17012400,32.73784299,16.844000000,33.891000000,16.906926394,33.972756863,1.791853894,3.605302798,1.798547964,3.614000041,0.556004077,0.276701712,1,0
0826.ppm,90,2040,1536,9400320,7401411,925205,2.36207204,2.36214512,10.16025638,90.15772867,36.40932258,17.047000000,34.109000000,17.098401546,34.150163174,1.813448904,3.628493498,1.818916967,3.632872410,0.549777707,0.275264278,1,0
0826.ppm,100,2040,1536,9400320,20700002,2587530,6.60615873,6.60623468,3.63293179,72.47402216,41.48319736,17.844000000,35.016000000,17.883587122,35.096419096,1.898233252,3.724979575,1.902444504,3.733534507,0.525639512,0.267842710,1,0
0827.ppm,10,2040,1536,9400320,576314,72068,0.18392374,0.18399714,130.43680968,99.23334525,30.74721124,16.359000000,33.578000000,16.418851376,33.728089571,1.740259906,3.572006059,1.746626857,3.587972491,0.572532133,0.278708937,1,0
0827.ppm,30,2040,1536,9400320,1069689,133740,0.34137848,0.34145221,70.28802153,98.57728248,35.07807559,16.531000000,33.625000000,16.572188854,33.692318439,1.758557156,3.577005889,1.762938799,3.584167181,0.567234665,0.279004843,1,0
0827.ppm,50,2040,1536,9400320,1528642,191110,0.48784786,0.48792382,49.18800691,97.96698410,36.90656517,16.500000000,33.734000000,16.575435162,33.788174391,1.755259395,3.588601239,1.763284139,3.594364276,0.567123572,0.278213315,1,0
0827.ppm,75,2040,1536,9400320,2468113,308543,0.78766882,0.78774254,30.46680690,96.71773940,39.15262114,16.625000000,33.797000000,16.702392101,33.894545555,1.768556815,3.595303139,1.776789737,3.605679972,0.562812796,0.277340199,1,0
0827.ppm,90,2040,1536,9400320,4544249,568061,1.45024286,1.45031914,16.54808198,93.95700359,42.08325266,16.796000000,33.875000000,16.812140942,33.974398375,1.786747685,3.603600728,1.788464748,3.614174664,0.559138781,0.276688343,1,0
0827.ppm,100,2040,1536,9400320,14558428,1819832,4.64614864,4.64622141,5.16548780,80.64074414,49.97825304,17.781000000,34.641000000,17.779699326,34.660246372,1.891531352,3.685087316,1.891392987,3.687134733,0.528710853,0.271213306,1,0
0828.ppm,10,2040,1356,8298720,1537473,192213,0.55579885,0.55588235,43.17460317,97.68382353,21.14180195,14.672000000,29.859000000,14.684355021,29.905335903,1.767983496,3.598024756,1.769472283,3.603608256,0.565140245,0.277499642,1,0
0828.ppm,30,2040,1356,8298720,2793861,349262,1.00998503,1.01006999,23.76072977,95.79137506,24.11459639,14.718000000,29.891000000,14.733852625,29.921412706,1.773526520,3.601880772,1.775436769,3.605545519,0.563241686,0.277350541,1,0
0828.ppm,50,2040,1356,8298720,3636273,454563,1.31451826,1.31460177,18.25647930,94.52249263,25.42672658,14.797000000,29.969000000,14.838420868,30.018302441,1.783046060,3.611279812,1.788037296,3.617220781,0.559272450,0.276455340,1,0
0828.ppm,75,2040,1356,8298720,5159908,645018,1.86531465,1.86539997,12.86587351,92.22750014,27.38690582,14.953000000,30.062000000,14.951387167,30.129553795,1.801844140,3.622486359,1.801649793,3.630626626,0.555046827,0.275434547,1,0
0828.ppm,90,2040,1356,8298720,8116978,1014651,2.93429999,2.93438313,8.17889107,87.77340361,29.55707859,15.094000000,30.313000000,15.144094467,30.322852850,1.818834712,3.652731988,1.824871121,3.653919261,0.547983903,0.273678735,1,0
0828.ppm,100,2040,1356,8298720,20597515,2574719,7.44603324,7.44611892,3.22315561,68.97450450,30.89192369,15.922000000,31.234000000,15.937387228,31.262172937,1.918609135,3.763712958,1.920463304,3.767107811,0.520707684,0.265455636,1,0
0829.ppm,10,2040,1356,8298720,682440,85335,0.24670311,0.24678987,97.24872561,98.97170889,25.60076785,14.750000000,29.797000000,14.777688026,29.809163094,1.777382536,3.590553724,1.780718957,3.592019383,0.561570929,0.278394934,1,0
0829.ppm,30,2040,1356,8298720,1632272,204064,0.59006883,0.59015559,40.66724165,97.54101837,27.94414500,14.750000000,29.813000000,14.770798445,29.889816046,1.777382536,3.592481732,1.779888759,3.601738105,0.561832864,0.277643729,1,0
0829.ppm,50,2040,1356,8298720,2609661,326237,0.94339645,0.94348140,25.43770326,96.06882748,28.98994774,14.781000000,29.953000000,14.793353796,30.002588749,1.781118052,3.609351804,1.782606691,3.615327273,0.560976241,0.276600132,1,0
0829.ppm,75,2040,1356,8298720,4659074,582413,1.68426239,1.68434554,14.24885777,92.98189359,30.85548329,14.859000000,30.094000000,14.906416178,30.176451206,1.790517092,3.626342376,1.796230765,3.636277788,0.556721341,0.275006492,1,0
0829.ppm,90,2040,1356,8298720,8766847,1095884,3.16922863,3.16930997,7.57262630,86.79454181,35.39651056,15.234000000,30.719000000,15.266286373,30.803622484,1.835704783,3.701655195,1.839595308,3.711852248,0.543597821,0.269407275,1,0
0829.ppm,100,2040,1356,8298720,22611907,2826518,8.17423904,8.17432472,2.93602234,65.94031369,44.48935983,16.047000000,31.250000000,16.116554976,31.255768061,1.933671699,3.765640966,1.942053109,3.766336021,0.514918977,0.265510033,1,0
0830.ppm,10,2040,816,4993920,530632,66358,0.31876682,0.31890619,75.25724103,98.67122421,25.55647015,8.922000000,17.953000000,8.947848082,17.953862429,1.786572472,3.594971485,1.791748382,3.595144181,0.558114080,0.278152961,1,0
0830.ppm,30,2040,816,4993920,1064124,133045,0.63925173,0.63939350,37.53557067,97.33586041,28.85354449,8.859000000,17.938000000,8.861345530,17.961153507,1.773957132,3.591967833,1.774426809,3.596604172,0.563562270,0.278040049,1,0
0830.ppm,50,2040,816,4993920,1459177,182426,0.87657211,0.87671088,27.37504522,96.34703800,30.33497157,8.907000000,17.969000000,8.914142370,17.987116814,1.783568820,3.598175381,1.784999033,3.601803155,0.560224393,0.277638715,1,0
0830.ppm,75,2040,816,4993920,2201865,275263,1.32272744,1.32287101,18.14235840,94.48803745,32.43988845,8.937000000,18.078000000,8.929390192,18.095089674,1.789576125,3.620001922,1.788052310,3.623424018,0.559267754,0.275982053,1,0
0830.ppm,90,2040,816,4993920,3737980,467277,2.24551855,2.24566032,10.68727971,90.64308199,35.32697402,9.032000000,18.141000000,9.024265528,18.160852909,1.808599257,3.632617263,1.807050479,3.636592679,0.553387972,0.274982680,1,0
0830.ppm,100,2040,816,4993920,10966057,1370786,6.58764478,6.58778354,3.64310695,72.55090190,39.30993301,9.484000000,18.656000000,9.487372875,18.671542406,1.899109317,3.735742663,1.899784713,3.738854929,0.526375432,0.267461568,1,0
0831.ppm,10,2040,1356,8298720,821872,102763,0.29710799,0.29719186,80.75591409,98.76170060,28.01957926,14.672000000,29.859000000,14.718390465,29.920259237,1.767983496,3.598024756,1.773573571,3.605406525,0.563833391,0.277361233,1,0
0831.ppm,30,2040,1356,8298720,1571347,196447,0.56804435,0.56812713,42.24406583,97.63280361,32.33970890,14.703000000,30.000000000,14.763555050,30.092368126,1.771719012,3.615015328,1.779015927,3.626145734,0.562108515,0.275774906,1,0
0831.ppm,50,2040,1356,8298720,2119107,264918,0.76606043,0.76614610,31.32561774,96.80772456,34.11403351,14.859000000,30.000000000,14.902052641,30.066411257,1.790517092,3.615015328,1.795704957,3.623017918,0.556884357,0.276012988,1,0
0831.ppm,75,2040,1356,8298720,3129864,391262,1.13145063,1.13153450,21.21013541,95.28527291,36.35070121,14.922000000,30.156000000,14.980115175,30.229708910,1.798108624,3.633813407,1.805111532,3.642695369,0.553982390,0.274521995,1,0
0831.ppm,90,2040,1356,8298720,5287686,660990,1.91150659,1.91159119,12.55498570,92.03503673,39.24007848,15.156000000,30.156000000,15.189870358,30.205478430,1.826305744,3.633813407,1.830387139,3.639775583,0.546332510,0.274742213,1,0
0831.ppm,100,2040,1356,8298720,15613460,1951712,5.64428972,5.64437504,4.25202079,76.48177068,45.02761072,15.719000000,30.860000000,15.736235142,30.928377628,1.894147531,3.718645767,1.896224375,3.726885306,0.527363752,0.268320573,1,0
0832.ppm,10,2040,1356,8298720,797158,99674,0.28817384,0.28825843,83.25862311,98.79892321,27.93503870,14.641000000,29.828000000,14.667275190,29.858531237,1.764247980,3.594289240,1.767414154,3.597968269,0.565798343,0.277934636,1,0
0832.ppm,30,2040,1356,8298720,1565996,195779,0.56610995,0.56619527,42.38820302,97.64085305,32.24142379,14.703000000,29.906000000,14.718800068,29.974550486,1.771719012,3.603688280,1.773622928,3.611948648,0.563817700,0.276858864,1,0
0832.ppm,50,2040,1356,8298720,2127479,265965,0.76908692,0.76917404,31.20230105,96.79510816,33.90112468,14.734000000,29.937000000,14.777601480,30.031798363,1.775454528,3.607423795,1.780708529,3.618847047,0.561574218,0.276331104,1,0
0832.ppm,75,2040,1356,8298720,3136552,392098,1.13386836,1.13395222,21.16491285,95.27519907,35.86875923,14.875000000,30.344000000,14.899280071,30.367110252,1.792445100,3.656467503,1.795370861,3.659252301,0.556987986,0.273279872,1,0
0832.ppm,90,2040,1356,8298720,5254231,656809,1.89941256,1.89949968,12.63490604,92.08541799,38.34793162,14.938000000,30.204000000,14.972002983,30.285429001,1.800036632,3.639597432,1.804134009,3.649409668,0.554282551,0.274016921,1,0
0832.ppm,100,2040,1356,8298720,15640958,1955149,5.65423029,5.65431488,4.24454607,76.44035466,43.52557933,15.625000000,30.859000000,15.680439949,30.906155348,1.882820483,3.718525267,1.889501025,3.724207510,0.529240253,0.268513502,1,0
0833.ppm,10,2040,1548,9473760,623973,78026,0.19758987,0.19766429,121.41798888,99.17639881,29.95911620,16.703000000,34.046000000,16.722606421,34.065153599,1.763080340,3.593715695,1.765149890,3.595737447,0.566524127,0.278107068,1,0
0833.ppm,30,2040,1548,9473760,1014049,126785,0.32111295,0.32118610,74.72303506,98.66172460,34.81236065,16.688000000,34.125000000,16.702835083,34.243043184,1.761497019,3.602054517,1.763062932,3.614514531,0.567194728,0.276662327,1,0
0833.ppm,50,2040,1548,9473760,1449510,181218,0.45900783,0.45908193,52.27825050,98.08715864,36.46083991,16.688000000,34.062000000,16.762649775,34.108128071,1.761497019,3.595404570,1.769376655,3.600273605,0.565170789,0.277756668,1,0
0833.ppm,75,2040,1548,9473760,2548481,318589,0.80701253,0.80708568,29.73661991,96.63714301,38.44437562,16.860000000,34.437000000,16.864751816,34.499065638,1.779652429,3.634987587,1.780154006,3.641538907,0.561749150,0.274609176,1,0
0833.ppm,90,2040,1548,9473760,4739329,592446,1.50077551,1.50085119,15.99092576,93.74645336,41.35548992,17.000000000,34.531000000,17.019516945,34.634217739,1.794430089,3.644909730,1.796490194,3.655804848,0.556640945,0.273537577,1,0
0833.ppm,100,2040,1548,9473760,13898647,1737361,4.40120301,4.40127932,5.45295998,81.66133615,47.50604274,17.625000000,35.000000000,17.668256044,35.034627199,1.860401783,3.694414889,1.864967663,3.698069953,0.536202327,0.270411326,1,0
0834.ppm,10,2040,1356,8298720,883952,110523,0.31955000,0.31963387,75.08590972,98.66819220,25.88323947,14.609000000,29.875000000,14.620201588,29.889960051,1.760391964,3.599952764,1.761741761,3.601755458,0.567620080,0.277642392,1,0
0834.ppm,30,2040,1356,8298720,1761193,220178,0.63667397,0.63675748,37.69095913,97.34684385,29.30053541,14.766000000,29.984000000,14.786780834,29.990360022,1.779310544,3.613087319,1.781814645,3.613853705,0.561225604,0.276712917,1,0
0834.ppm,50,2040,1356,8298720,2400308,300068,0.86771502,0.86780034,27.65613128,96.38416527,30.90871058,14.813000000,29.922000000,14.821062326,29.985438347,1.784974068,3.605616288,1.785945583,3.613260641,0.559927475,0.276758335,1,0
0834.ppm,75,2040,1356,8298720,3589278,448689,1.29752950,1.29761409,18.49548351,94.59327463,33.41584874,14.891000000,30.250000000,14.933683157,30.398121595,1.794373108,3.645140455,1.799516450,3.662989183,0.555704839,0.273001079,1,0
0834.ppm,90,2040,1356,8298720,5993847,749260,2.16678488,2.16686911,11.07588821,90.97137872,37.18924086,15.062000000,30.344000000,15.078225613,30.377171278,1.814978696,3.656467503,1.816933890,3.660464659,0.550377758,0.273189361,1,0
0834.ppm,100,2040,1356,8298720,16081028,2010158,5.81331627,5.81340158,4.12839190,75.77749340,43.18649588,15.797000000,30.844000000,15.824902296,30.875270367,1.903546571,3.716717759,1.906908812,3.720485854,0.524408925,0.268782100,1,0
0835.ppm,10,1620,2040,9914400,1447129,180920,0.43788701,0.43795691,54.79991156,98.17517954,23.95184452,17.719000000,35.953000000,17.716983795,36.017980814,1.787198418,3.626341483,1.786995057,3.632895668,0.559598638,0.275262515,1,0
0835.ppm,30,1620,2040,9914400,3149335,393696,0.95295782,0.95302832,25.18288222,96.02904866,27.02468419,17.860000000,35.953000000,17.912867069,36.012278557,1.801420157,3.626341483,1.806752508,3.632320519,0.553479237,0.275306101,1,0
0835.ppm,50,1620,2040,9914400,4372902,546642,1.32319717,1.32326797,18.13691593,94.48638344,28.52437559,17.828000000,36.187000000,17.908299208,36.264017820,1.798192528,3.649943517,1.806291778,3.657711795,0.553620413,0.273394968,1,0
0835.ppm,75,1620,2040,9914400,6605406,825706,1.99873094,1.99880416,12.00717931,91.67164932,30.87666142,17.985000000,36.578000000,18.018179178,36.703195095,1.814028080,3.689381102,1.817374645,3.702008704,0.550244278,0.270123622,1,0
0835.ppm,90,1620,2040,9914400,11030234,1378809,3.33764040,3.33771242,7.19055359,86.09286492,34.28972688,18.328000000,36.562000000,18.313086510,36.631422281,1.848624223,3.687767288,1.847119998,3.694769455,0.541383343,0.270652882,1,0
0835.ppm,100,1620,2040,9914400,28906271,3613313,8.74675351,8.74682401,2.74385308,63.55489994,39.41123112,19.469000000,37.640000000,19.495967865,37.689015865,1.963709352,3.796498023,1.966429422,3.801441929,0.508535922,0.263058076,1,0
0836.ppm,10,2040,1536,9400320,1029037,128660,0.32840488,0.32848243,73.06326753,98.63132319,26.04910794,16.531000000,34.047000000,16.561161518,34.101351976,1.758557156,3.621897978,1.761765718,3.627679906,0.567612362,0.275658279,1,0
0836.ppm,30,2040,1536,9400320,1972866,246638,0.62961665,0.62969261,38.11383485,97.37628081,29.81742632,16.766000000,33.859000000,16.828526258,33.909424067,1.783556304,3.601898659,1.790207808,3.607262739,0.558594369,0.277218510,1,0
0836.ppm,50,2040,1536,9400320,2647509,330968,0.84492092,0.84499592,28.40250417,96.47918369,31.52799874,16.672000000,33.875000000,16.701241732,34.023652792,1.773556645,3.603600728,1.776667361,3.619414317,0.562851562,0.276287795,1,0
0836.ppm,75,2040,1536,9400320,3876716,484619,1.23720767,1.23728299,19.39734100,94.84465422,33.77322562,16.938000000,33.968000000,16.968807936,34.038193464,1.801853554,3.613494009,1.805130882,3.620961144,0.553976451,0.276169768,1,0
0836.ppm,90,2040,1536,9400320,6472907,809142,2.06575106,2.06582414,11.61763943,91.39239941,36.65332539,16.938000000,34.110000000,17.010932684,34.148995161,1.801853554,3.628599877,1.809612086,3.632748158,0.552604620,0.275273693,1,0
0836.ppm,100,2040,1536,9400320,18430594,2303854,5.88190423,5.88198019,4.08025856,75.49174922,41.15991075,17.797000000,34.937000000,17.827062607,34.974564791,1.893233422,3.716575606,1.896431463,3.720571724,0.527306164,0.268775896,1,0
0837.ppm,10,2040,1356,8298720,1052748,131623,0.38057002,0.38065533,63.04916314,98.41393613,25.49470403,14.625000000,30.109000000,14.651667118,30.166180849,1.762319972,3.628149883,1.765533374,3.635040205,0.566401075,0.275100121,1,0
0837.ppm,30,2040,1356,8298720,2090143,261297,0.75558990,0.75567413,31.75972170,96.85135780,29.27149515,14.781000000,30.219000000,14.776406527,30.270204782,1.781118052,3.641404940,1.780564536,3.647575142,0.561619632,0.274154736,1,0
0837.ppm,50,2040,1356,8298720,2827579,353477,1.02217414,1.02225982,23.47739740,95.74058409,30.97626615,14.828000000,29.953000000,14.843100786,30.047689438,1.786781576,3.609351804,1.788601228,3.620761929,0.559096116,0.276184963,1,0
0837.ppm,75,2040,1356,8298720,4164694,520617,1.50554326,1.50563075,15.94016331,93.72653855,33.35655526,15.156000000,30.110000000,15.192310333,30.173635244,1.826305744,3.628270384,1.830681157,3.635938463,0.546244766,0.275032157,1,0
0837.ppm,90,2040,1356,8298720,6877507,859718,2.48622932,2.48631500,9.65283965,89.64035418,36.64649745,15.078000000,31.047000000,15.110841751,31.154017687,1.816906704,3.741179363,1.820864151,3.754075049,0.549189789,0.266377200,1,0
0837.ppm,100,2040,1356,8298720,18440663,2305112,6.66632794,6.66641217,3.60013743,72.22328263,42.24273826,15.938000000,31.531000000,15.952659130,31.575055838,1.920537143,3.799501610,1.922303576,3.804810361,0.520209197,0.262825188,1,0
0838.ppm,10,2040,1356,8298720,473132,59170,0.17103794,0.17112037,140.25215481,99.28699848,30.95276819,15.671000000,34.985000000,15.693044901,35.100294352,1.888363507,4.215710375,1.891019928,4.229603403,0.528815157,0.236428787,1,0
0838.ppm,30,2040,1356,8298720,792533,99096,0.28650189,0.28658685,83.74424800,98.80588814,35.89956744,17.140000000,33.156000000,17.222239971,33.204366446,2.065378757,3.995314940,2.075288716,4.001143122,0.481860665,0.249928575,1,0
0838.ppm,50,2040,1356,8298720,1127897,141017,0.40773649,0.40782289,58.84907493,98.30073795,37.41168104,16.375000000,32.984000000,16.422161579,33.013576031,1.973195866,3.974588852,1.978878861,3.978152779,0.505336643,0.251372950,1,0
0838.ppm,75,2040,1356,8298720,1976070,247038,0.71435233,0.71443693,33.59288854,97.02317948,39.12352293,17.047000000,33.094000000,17.089585543,33.130251169,2.054172210,3.987843908,2.059303789,3.992212193,0.485601010,0.250487687,1,0
0838.ppm,90,2040,1356,8298720,3925567,490726,1.41909849,1.41918561,16.91110722,94.08672663,41.29703995,16.375000000,32.953000000,16.378484726,33.018873453,1.973195866,3.970853336,1.973615778,3.978791121,0.506684235,0.251332621,1,0
0838.ppm,100,2040,1356,8298720,13894940,1736897,5.02304211,5.02312742,4.77789990,79.07030241,48.85411020,17.047000000,33.625000000,17.112627268,33.758852720,2.054172210,4.051829680,2.062080329,4.067959001,0.484947160,0.245823520,1,0
0839.ppm,10,2040,1356,8298720,711512,88968,0.25721268,0.25729655,93.27758295,98.92793105,28.35101186,15.969000000,32.828000000,16.063577652,32.900644779,1.924272659,3.955790773,1.935669314,3.964544506,0.516617168,0.252235786,1,0
0839.ppm,30,2040,1356,8298720,1393390,174203,0.50371262,0.50379721,47.63821519,97.90084495,31.53853366,16.140000000,32.735000000,16.227188826,32.779433489,1.944878246,3.944584225,1.955384544,3.949938483,0.511408358,0.253168500,1,0
0839.ppm,50,2040,1356,8298720,1905179,238177,0.68872513,0.68881080,34.84265903,97.12995498,32.82130761,16.203000000,33.234000000,16.235649586,33.341230392,1.952469778,4.004713980,1.956404070,4.017635297,0.511141852,0.248902632,1,0
0839.ppm,75,2040,1356,8298720,2896752,362123,1.04718029,1.04726416,22.91685422,95.63639935,34.71505920,16.390000000,32.922000000,16.463406324,33.007272005,1.975003374,3.967117821,1.983848874,3.977393141,0.504070654,0.251420960,1,0
0839.ppm,90,2040,1356,8298720,5100247,637561,1.84374711,1.84383423,13.01635451,92.31735738,38.05949918,16.578000000,33.421000000,16.620118380,33.528431892,1.997657470,4.027247576,2.002732756,4.040193173,0.499317743,0.247512918,1,0
0839.ppm,100,2040,1356,8298720,13525514,1690719,4.88949404,4.88958008,4.90839696,79.62674967,45.54993442,17.094000000,33.734000000,17.089172840,33.821172953,2.059835734,4.064964235,2.059254058,4.075468621,0.485612737,0.245370556,1,0
0840.ppm,10,2040,1356,8298720,916568,114600,0.33134074,0.33142461,72.41465969,98.61906414,27.39752187,16.032000000,32.750000000,16.059129477,32.849891186,1.931864191,3.946391733,1.935133307,3.958428672,0.516760265,0.252625494,1,0
0840.ppm,30,2040,1356,8298720,1875371,234451,0.67794949,0.67803517,35.39639413,97.17485347,31.44096958,16.297000000,32.796000000,16.340180874,32.872224092,1.963796826,3.951934756,1.969000144,3.961119798,0.507871979,0.252453864,1,0
0840.ppm,50,2040,1356,8298720,2552870,319139,0.92286642,0.92295390,26.00346557,96.15435874,33.18187176,16.296000000,32.813000000,16.351230383,32.851232052,1.963676326,3.953983265,1.970331615,3.958590247,0.507528780,0.252615183,1,0
0840.ppm,75,2040,1356,8298720,3797284,474690,1.37272399,1.37280930,17.48239904,94.27996125,35.64449416,17.156000000,33.141000000,17.208812714,33.185971260,2.067306765,3.993507432,2.073670724,3.998926492,0.482236639,0.250067112,1,0
0840.ppm,90,2040,1356,8298720,6442634,805358,2.32902207,2.32910521,10.30438637,90.29539495,39.46697687,16.797000000,34.234000000,16.841734409,34.385282993,2.024047082,4.125214491,2.029437601,4.143444169,0.492747350,0.241345113,1,0
0840.ppm,100,2040,1356,8298720,17475181,2184427,6.31730472,6.31738967,3.79903746,73.67754304,49.05895862,17.328000000,34.156000000,17.389859200,34.168225527,2.088032853,4.115815451,2.095486918,4.117288633,0.477216055,0.242878284,1,0
0841.ppm,10,2040,1356,8298720,778001,97279,0.28124855,0.28133206,85.30844273,98.82778308,27.57566560,16.078000000,33.031000000,16.119208097,33.159412861,1.937407215,3.980252376,1.942372811,3.995726192,0.514834224,0.250267399,1,0
0841.ppm,30,2040,1356,8298720,1502051,187786,0.54299374,0.54307941,44.19243181,97.73716911,31.36086749,16.188000000,32.890000000,16.252062321,32.957870483,1.950662271,3.963261804,1.958381813,3.971440232,0.510625657,0.251797822,1,0
0841.ppm,50,2040,1356,8298720,2060598,257604,0.74490934,0.74499393,32.21502772,96.89585864,32.94050085,16.359000000,33.563000000,16.367281675,33.678539038,1.971267858,4.044358648,1.972265804,4.058281161,0.507031049,0.246409739,1,0
0841.ppm,75,2040,1356,8298720,3122719,390370,1.12886770,1.12895483,21.25860081,95.29602156,35.01361334,16.453000000,33.000000000,16.486036777,33.163219213,1.982594906,3.976516860,1.986575855,3.996184859,0.503378714,0.250238674,1,0
0841.ppm,90,2040,1356,8298720,5423228,677932,1.96050523,1.96058766,12.24122773,91.83088476,37.78169267,16.656000000,33.047000000,16.667638540,33.137599945,2.007056510,3.982180384,2.008458960,3.993097724,0.497894167,0.250432138,1,0
0841.ppm,100,2040,1356,8298720,16491054,2061411,5.96154130,5.96162589,4.02574741,75.15989213,43.34960265,17.343000000,33.906000000,17.406582355,34.014452934,2.089840361,4.085690323,2.097502067,4.098758957,0.476757575,0.243976289,1,0
0842.ppm,10,2040,1356,8298720,719023,89907,0.25992792,0.26001215,92.30338016,98.91661606,28.28127930,16.031000000,32.969000000,16.080676794,33.005465508,1.931743691,3.972781345,1.937729770,3.977175457,0.516067831,0.251434721,1,0
0842.ppm,30,2040,1356,8298720,1385400,173204,0.50082422,0.50090809,47.91298122,97.91288295,32.54981725,18.438000000,32.828000000,18.545294523,32.882897615,2.221788420,3.955790773,2.234717465,3.962405963,0.447483861,0.252371920,1,0
0842.ppm,50,2040,1356,8298720,1872177,234052,0.67679486,0.67688125,35.45673611,97.17966144,34.15598704,16.437000000,33.328000000,16.449948788,33.412814379,1.980666898,4.016041028,1.982227234,4.026261204,0.504483030,0.248369380,1,0
0842.ppm,75,2040,1356,8298720,2763906,345517,0.99915626,0.99923940,24.01826828,95.83650250,36.30531395,16.312000000,33.031000000,16.337497473,33.163824081,1.965604334,3.980252376,1.968676793,3.996257746,0.507955396,0.250234110,1,0
0842.ppm,90,2040,1356,8298720,4704305,588068,1.70061347,1.70069987,14.11183741,92.91375055,39.44845839,16.344000000,33.000000000,16.384598494,33.100620747,1.969460351,3.976516860,1.974352490,3.988641712,0.506495170,0.250711915,1,0
0842.ppm,100,2040,1356,8298720,14059431,1757458,5.08250586,5.08259009,4.72200189,78.82254131,46.02257430,17.109000000,33.766000000,17.153111935,33.880608082,2.061643241,4.068820252,2.066958752,4.082630584,0.483802591,0.244940114,1,0
0843.ppm,10,2040,1356,8298720,407449,50960,0.14729344,0.14737694,162.84772370,99.38592940,35.24565943,16.172000000,32.829000000,16.225526333,32.939566374,1.948734263,3.955911273,1.955184213,3.969234578,0.511460758,0.251937743,1,0
0843.ppm,30,2040,1356,8298720,510705,63867,0.18462064,0.18470415,129.93752642,99.23039939,39.20832813,16.079000000,32.735000000,16.107888222,32.848153591,1.937527715,3.944584225,1.941008761,3.958219291,0.515196026,0.252638858,1,0
0843.ppm,50,2040,1356,8298720,600875,75138,0.21721723,0.21730002,110.44637866,99.09458326,40.99450884,16.125000000,33.609000000,16.165134430,33.655235052,1.943070739,4.049901672,1.947906958,4.055473019,0.513371543,0.246580361,1,0
0843.ppm,75,2040,1356,8298720,789085,98665,0.28525544,0.28534039,84.11006943,98.81108171,42.53948686,16.047000000,33.094000000,16.085407972,33.113462448,1.933671699,3.987843908,1.938299879,3.990189143,0.515916041,0.250614686,1,0
0843.ppm,90,2040,1356,8298720,1221629,152733,0.44162076,0.44170571,54.33481959,98.15955955,44.31272356,16.093000000,32.985000000,16.106925011,33.087795019,1.939214722,3.974709353,1.940892693,3.987096205,0.515226835,0.250809097,1,0
0843.ppm,100,2040,1356,8298720,3581519,447719,1.29472461,1.29480884,18.53555467,94.60496318,49.04371674,16.141000000,32.875000000,16.193547249,32.928760052,1.944998747,3.961454297,1.951330717,3.967932410,0.512470793,0.252020422,1,0
0844.ppm,10,1356,2040,8298720,434969,54401,0.15724196,0.15732836,152.54719582,99.34446517,32.15364830,16.125000000,32.859000000,16.132345676,32.936536074,1.943070739,3.959526288,1.943955896,3.968869425,0.514414963,0.251960922,1,0
0844.ppm,30,1356,2040,8298720,623047,77910,0.22523245,0.22531668,106.51675010,99.06118052,37.33056513,16.109000000,32.750000000,16.140624046,32.852416039,1.941142730,3.946391733,1.944953444,3.958732918,0.514151124,0.252606079,1,0
0844.ppm,50,1356,2040,8298720,784611,98105,0.28363808,0.28372086,84.59018399,98.81782974,39.29766095,15.937000000,34.219000000,15.968003035,34.330073595,1.920416643,4.123406983,1.924152524,4.136791408,0.519709320,0.241733242,1,0
0844.ppm,75,1356,2040,8298720,1110856,138886,0.40157615,0.40166002,59.75202684,98.32641660,41.34836167,16.219000000,33.000000000,16.244230509,33.061692953,1.954397787,3.976516860,1.957438076,3.983950893,0.510871844,0.251007110,1,0
0844.ppm,90,1356,2040,8298720,1976805,247129,0.71461804,0.71470010,33.58051868,97.02208292,43.67489490,16.125000000,33.093000000,16.153473377,33.192894220,1.943070739,3.987723408,1.946501795,3.999760713,0.513742141,0.250014956,1,0
0844.ppm,100,1356,2040,8298720,7607773,951000,2.75022160,2.75030366,8.72630915,88.54040141,47.50756610,16.844000000,33.172000000,16.843409538,33.290817499,2.029710606,3.997242948,2.029639455,4.011560518,0.492698345,0.249279550,1,0
0845.ppm,10,2040,1356,8298720,1050336,131322,0.37969807,0.37978483,63.19367661,98.41756319,25.00462544,16.297000000,32.860000000,16.353250980,32.943511963,1.963796826,3.959646789,1.970575098,3.969710023,0.507466070,0.251907569,1,0
0845.ppm,30,2040,1356,8298720,1962771,245376,0.70954472,0.70963040,33.82042254,97.04320666,28.48712594,16.266000000,33.046000000,16.305123329,33.082078457,1.960061311,3.982059884,1.964775692,3.986407356,0.508963952,0.250852437,1,0
0845.ppm,50,2040,1356,8298720,2696731,337120,0.97487239,0.97495517,24.61651637,95.93768678,30.26163304,16.204000000,33.360000000,16.216831923,33.483995199,1.952590279,4.019897044,1.954136532,4.034838529,0.511734970,0.247841393,1,0
0845.ppm,75,2040,1356,8298720,4188229,523558,1.51405120,1.51413616,15.85062209,93.69109935,32.79612627,20.312000000,33.109000000,20.456201553,33.171011209,2.447606378,3.989651416,2.464982739,3.997123799,0.405682354,0.250179892,1,0
0845.ppm,90,2040,1356,8298720,7339537,917471,2.65325388,2.65333738,9.04521233,88.94442757,36.32741504,16.781000000,33.250000000,16.822720051,33.296067238,2.022119074,4.006641988,2.027146361,4.012193114,0.493304292,0.249240246,1,0
0845.ppm,100,2040,1356,8298720,19847386,2480952,7.17486046,7.17494361,3.34497403,70.10440164,43.60032555,17.344000000,34.141000000,17.387011290,34.195343971,2.089960861,4.114007943,2.095143744,4.120556420,0.477294220,0.242685671,1,0
0846.ppm,10,2040,1368,8372160,916755,114624,0.32850125,0.32858617,73.04020101,98.63089095,26.91793987,16.563000000,33.234000000,16.591216087,33.303879976,1.978342507,3.969584910,1.981712735,3.977931618,0.504614005,0.251386926,1,0
0846.ppm,30,2040,1368,8372160,1738210,217305,0.62285360,0.62293602,38.52723131,97.40443326,31.02164411,16.453000000,33.140000000,16.527711868,33.177603245,1.965203723,3.958357222,1.974127569,3.962848685,0.506552877,0.252343725,1,0
0846.ppm,50,2040,1368,8372160,2347553,293473,0.84119976,0.84128254,28.52787139,96.49465610,32.88444089,16.359000000,34.266000000,16.399633408,34.377225637,1.953976035,4.092850591,1.958829431,4.106135769,0.510508972,0.243537977,1,0
0846.ppm,75,2040,1368,8372160,3443416,430457,1.23388086,1.23396686,19.44946882,94.85847141,35.56873068,16.453000000,33.750000000,16.459028721,33.829436779,1.965203723,4.031217750,1.965923814,4.040705956,0.508666711,0.247481507,1,0
0846.ppm,90,2040,1368,8372160,5620224,702557,2.01389749,2.01398062,11.91669857,91.60841408,39.46967486,16.671000000,33.594000000,16.687358379,33.614729643,1.991242403,4.012584566,1.993196305,4.015060587,0.501706730,0.249062244,1,0
0846.ppm,100,2040,1368,8372160,14555597,1819479,5.21571387,5.21579807,4.60140513,78.26750803,47.25482440,20.547000000,51.344000000,20.661137581,52.013667107,2.454205366,6.132706494,2.467838357,6.212693870,0.405212925,0.160960772,1,0
0847.ppm,10,1356,2040,8298720,908857,113636,0.32855320,0.32863671,73.02896969,98.63068039,26.55995705,21.797000000,34.156000000,23.231033564,34.257627249,2.626549637,4.115815451,2.799351414,4.128061586,0.357225604,0.242244448,1,0
0847.ppm,30,1356,2040,8298720,1823338,227947,0.65913948,0.65922552,36.40635762,97.25322700,30.21418665,16.437000000,34.703000000,16.495033503,34.822726488,1.980666898,4.181729231,1.987659965,4.196156334,0.503104162,0.238313333,1,0
0847.ppm,50,1356,2040,8298720,2481608,310230,0.89710510,0.89718896,26.75021758,96.26171265,31.79191487,16.468000000,33.063000000,16.480241776,33.094609499,1.984402414,3.984108393,1.985877554,3.987917353,0.503555719,0.250757453,1,0
0847.ppm,75,1356,2040,8298720,3671112,458918,1.32711261,1.32719648,18.08323056,94.47001465,33.90271173,16.266000000,32.984000000,16.284912109,33.040595293,1.960061311,3.974588852,1.962340230,3.981408614,0.509595627,0.251167387,1,0
0847.ppm,90,1356,2040,8298720,6132348,766573,2.21685320,2.21693852,10.82574001,90.76275618,36.71461029,16.500000000,32.969000000,16.531280041,33.057828903,1.988258430,3.972781345,1.992027691,3.983485273,0.502001054,0.251036450,1,0
0847.ppm,100,1356,2040,8298720,17496837,2187134,6.32513339,6.32521835,3.79433542,73.64492355,41.33365984,17.516000000,34.594000000,17.570388794,34.659924746,2.110686949,4.168594675,2.117240827,4.176538640,0.472312827,0.239432718,1,0
0848.ppm,10,2040,1536,9400320,903969,113026,0.28849092,0.28856720,83.16953621,98.79763668,26.00593778,18.344000000,37.828000000,18.337752104,37.848217726,1.951422930,4.024118328,1.950758283,4.026269077,0.512621173,0.248368895,1,0
0848.ppm,30,2040,1536,9400320,1929246,241185,0.61569585,0.61577053,38.97555818,97.43428947,29.29820670,18.329000000,37.688000000,18.363620758,37.766137600,1.949827240,4.009225218,1.953510174,4.017537446,0.511899049,0.248908694,1,0
0848.ppm,50,2040,1536,9400320,2844829,355633,0.90789324,0.90796824,26.43264264,96.21679900,30.75060757,18.250000000,37.219000000,18.289436817,37.287692785,1.941423271,3.959333299,1.945618534,3.966640794,0.513975367,0.252102485,1,0
0848.ppm,75,2040,1536,9400320,4552741,569122,1.45295298,1.45302798,16.51723181,93.94571674,32.72328237,18.344000000,37.468000000,18.376635313,37.575849771,1.951422930,3.985821759,1.954894654,3.997294749,0.511536516,0.250169193,1,0
0848.ppm,90,2040,1536,9400320,8358537,1044846,2.66752738,2.66760110,8.99684738,88.88499540,35.77061579,18.797000000,37.562000000,18.827372789,37.663115263,1.999612779,3.995821419,2.002843817,4.006577996,0.499290055,0.249589550,1,0
0848.ppm,100,2040,1536,9400320,22689036,2836159,7.24093520,7.24101052,3.31445451,69.82912284,41.80603090,19.875000000,38.656000000,19.895641565,38.700855970,2.114289726,4.112200436,2.116485563,4.116972185,0.472481371,0.242896953,1,0
0849.ppm,10,2040,1356,8298720,1519653,189986,0.54935689,0.54944184,43.68069226,97.71065899,22.60757163,16.203000000,33.563000000,16.200144053,33.609679937,1.952469778,4.044358648,1.952125635,4.049983604,0.512262112,0.246914580,1,0
0849.ppm,30,2040,1356,8298720,3126428,390833,1.13020851,1.13029383,21.23341683,95.29044238,25.97295190,16.797000000,33.187000000,16.801363230,33.233819246,2.024047082,3.999050456,2.024572853,4.004692199,0.493931349,0.249707081,1,0
0849.ppm,50,2040,1356,8298720,4268069,533539,1.54291349,1.54300133,15.55410195,93.57082779,27.62327421,17.375000000,33.750000000,17.419799805,33.802976131,2.093696377,4.066892244,2.099094777,4.073275895,0.476395831,0.245502644,1,0
0849.ppm,75,2040,1356,8298720,6292923,786644,2.27490131,2.27498409,10.54952431,90.52089961,29.98930639,16.500000000,33.109000000,16.564810991,33.143692732,1.988258430,3.989651416,1.996068188,3.993831908,0.500984889,0.250386101,1,0
0849.ppm,90,2040,1356,8298720,10190360,1273824,3.68383076,3.68391463,6.51480895,84.65035572,33.19854378,16.938000000,33.422000000,16.984408140,33.542032003,2.041037654,4.027368076,2.046629859,4.041831994,0.488608136,0.247412560,1,0
0849.ppm,100,2040,1356,8298720,25607176,3200926,9.25703337,9.25711724,2.59259977,61.42867816,38.01221788,18.000000000,34.375000000,18.022687912,34.443742514,2.169009197,4.142205063,2.171743102,4.150488571,0.460459618,0.240935491,1,0
0850.ppm,10,2040,1356,8298720,742375,92826,0.26836970,0.26845393,89.40081443,98.88144196,27.30179775,16.047000000,33.875000000,16.106958389,33.960628748,1.933671699,4.081954807,1.940896715,4.092273115,0.515225768,0.244362967,1,0
0850.ppm,30,2040,1356,8298720,1515774,189501,0.54795462,0.54803922,43.79248658,97.71650327,30.98744045,16.406000000,32.922000000,16.419694424,33.018036842,1.976931382,3.967117821,1.978581567,3.978690309,0.505412573,0.251338989,1,0
0850.ppm,50,2040,1356,8298720,2114617,264356,0.76443729,0.76452079,31.39221353,96.81449669,32.61936394,16.281000000,32.797000000,16.269113541,32.809166431,1.961868818,3.952055257,1.960436494,3.953521318,0.510090484,0.252939069,1,0
0850.ppm,75,2040,1356,8298720,3224497,403092,1.16566061,1.16574701,20.58765741,95.14272081,34.89291855,16.312000000,32.953000000,16.392779112,33.044371128,1.965604334,3.970853336,1.975338258,3.981863604,0.506242410,0.251138688,1,0
0850.ppm,90,2040,1356,8298720,5540517,692594,2.00290539,2.00299034,11.98208474,91.65420691,38.15022620,16.547000000,32.984000000,16.566628695,33.018299341,1.993921954,3.974588852,1.996287222,3.978721940,0.500929921,0.251336991,1,0
0850.ppm,100,2040,1356,8298720,15503168,1937925,5.60441899,5.60450286,4.28227099,76.64790474,43.88849045,17.235000000,33.704000000,17.250627041,33.797523260,2.076826306,4.061349220,2.078709372,4.072618821,0.481067730,0.245542253,1,0
0851.ppm,10,2040,1344,8225280,677524,84720,0.24711280,0.24719888,97.08781870,98.97000467,27.51333315,16.469000000,33.812000000,16.702888012,34.265641689,2.002241869,4.110741519,2.030677133,4.165893646,0.492446575,0.240044534,1,0
0851.ppm,30,2040,1344,8225280,1167739,145997,0.42590854,0.42599498,56.33869189,98.22502091,31.25830857,14.641000000,32.843000000,14.634780884,33.245243073,1.780000195,3.992933979,1.779244097,4.041837247,0.562036430,0.247412238,1,0
0851.ppm,50,2040,1344,8225280,1544517,193094,0.56333049,0.56341620,42.59728422,97.65243250,32.67941015,14.891000000,29.656000000,14.892992020,29.699089527,1.810394297,3.605469966,1.810636479,3.610708636,0.552291977,0.276953945,1,0
0851.ppm,75,2040,1344,8225280,2427722,303495,0.88546116,0.88554797,27.10186329,96.31021680,34.43341431,14.578000000,29.610000000,14.617286444,29.699404716,1.772340881,3.599877451,1.777117186,3.610746955,0.562709093,0.276951006,1,0
0851.ppm,90,2040,1344,8225280,4723172,590426,1.72267886,1.72276494,13.93109382,92.82181275,36.75751633,14.860000000,29.781000000,14.893067122,29.843180656,1.806625428,3.620667017,1.810645610,3.628226718,0.552289192,0.275616735,1,0
0851.ppm,100,2040,1344,8225280,15491768,1936500,5.65030054,5.65038515,4.24749806,76.45672852,40.81046259,15.547000000,30.609000000,15.553050995,30.640126228,1.890148420,3.721332283,1.890884079,3.725116498,0.528853149,0.268447980,1,0
0852.ppm,10,2040,1152,7050240,545059,68162,0.23193210,0.23203295,103.43358470,99.03319603,28.34891919,12.390000000,25.297000000,12.403137684,25.333497524,1.757386983,3.588104802,1.759250420,3.593281580,0.568423909,0.278297144,1,0
0852.ppm,30,2040,1152,7050240,1141327,142696,0.48565453,0.48575708,49.40741156,97.97601216,31.19846726,12.578000000,25.610000000,12.581439972,25.633011341,1.784052741,3.632500454,1.784540664,3.635764363,0.560368290,0.275045328,1,0
0852.ppm,50,2040,1152,7050240,1613582,201727,0.68660726,0.68670684,34.94941183,97.13872152,32.28128286,12.438000000,25.438000000,12.457081556,25.487523317,1.764195261,3.608104121,1.766901773,3.615128466,0.565962418,0.276615343,1,0
0852.ppm,75,2040,1152,7050240,2506299,313317,1.06647391,1.06657475,22.50193893,95.55593852,33.66292049,12.562000000,25.578000000,12.573992014,25.615491152,1.781783315,3.627961601,1.783484252,3.633279314,0.560700213,0.275233450,1,0
0852.ppm,90,2040,1152,7050240,4463469,557964,1.89928385,1.89938725,12.63565391,92.08588644,35.81297239,12.656000000,25.516000000,12.667593718,25.580892801,1.795116195,3.619167574,1.796760638,3.628371914,0.556557161,0.275605705,1,0
0852.ppm,100,2040,1152,7050240,13599726,1699994,5.78692045,5.78701661,4.14721464,75.88743078,39.45494911,13.265000000,26.172000000,13.297276735,26.205265760,1.881496233,3.712214052,1.886074337,3.716932439,0.530201795,0.269039057,1,0
0853.ppm,10,2040,1356,8298720,573342,71697,0.20726401,0.20734860,115.74710239,99.13604749,28.61516583,14.594000000,29.750000000,14.655153513,29.825916767,1.758584456,3.584890200,1.765953486,3.594038209,0.566266330,0.278238556,1,0
0853.ppm,30,2040,1356,8298720,947512,118468,0.34252704,0.34261091,70.05030894,98.57245455,32.77139945,14.562000000,29.844000000,14.585188627,29.886400223,1.754728440,3.596217248,1.757522681,3.601326496,0.568982700,0.277675462,1,0
0853.ppm,50,2040,1356,8298720,1250297,156317,0.45198428,0.45207068,53.08904342,98.11637216,34.22360618,14.797000000,29.922000000,14.822251320,29.986788988,1.783046060,3.605616288,1.786088857,3.613423394,0.559882559,0.276745870,1,0
0853.ppm,75,2040,1356,8298720,2005322,250695,0.72492698,0.72501301,33.10285407,96.97911244,35.89313149,14.672000000,29.969000000,14.712758303,30.001211166,1.767983496,3.611279812,1.772894893,3.615161274,0.564049231,0.276612833,1,0
0853.ppm,90,2040,1356,8298720,3939353,492449,1.42408215,1.42416855,16.85193797,94.06596439,38.00511579,14.938000000,30.062000000,14.936088085,30.145489693,1.800036632,3.622486359,1.799806245,3.632546910,0.555615363,0.275288943,1,0
0853.ppm,100,2040,1356,8298720,13411260,1676437,4.84819105,4.84827636,4.95021286,79.79884850,41.54910960,15.531000000,30.672000000,15.574512005,30.699059248,1.871493435,3.695991671,1.876736654,3.699252324,0.532839809,0.270324896,1,0
0854.ppm,10,2040,1068,6536160,780532,97596,0.35825255,0.35836087,66.97159720,98.50682970,25.18421515,11.532000000,23.485000000,11.538628817,23.500225544,1.764338694,3.593088296,1.765352870,3.595417729,0.566458988,0.278131799,1,0
0854.ppm,30,2040,1068,6536160,1612709,201618,0.74020939,0.74031725,32.41853406,96.91534479,28.40820564,11.625000000,23.594000000,11.610289574,23.665118456,1.778567232,3.609764755,1.776316610,3.620645525,0.562962703,0.276193843,1,0
0854.ppm,50,2040,1068,6536160,2237316,279695,1.02689469,1.02700668,23.36888396,95.72080549,29.93634961,11.657000000,23.578000000,11.661140919,23.618041515,1.783463073,3.607316834,1.784096613,3.613442987,0.560507762,0.276744369,1,0
0854.ppm,75,2040,1068,6536160,3406781,425877,1.56366169,1.56376955,15.34752992,93.48429353,32.41707384,11.765000000,23.906000000,11.774620771,24.023478270,1.799986536,3.657499204,1.801458467,3.675472796,0.555105776,0.272073841,1,0
0854.ppm,90,2040,1068,6536160,5765302,720692,2.64618767,2.64629507,9.06928341,88.97377053,36.40659489,11.969000000,23.829000000,11.979703903,23.954153538,1.831197523,3.645718587,1.832835167,3.664866456,0.545602801,0.272861238,1,0
0854.ppm,100,2040,1068,6536160,15786533,1973346,7.24578330,7.24589117,3.31222198,69.80878681,43.40387122,12.515000000,25.047000000,12.579918385,25.081636906,1.914732809,3.832066534,1.924665000,3.837365809,0.519570938,0.260595432,1,0
0855.ppm,10,2040,2040,12484800,1028029,128533,0.24702735,0.24708381,97.13303198,98.97048411,28.02992156,23.532000000,48.407000000,23.614129543,48.616439819,1.884851980,3.877274766,1.891430343,3.894050351,0.528700411,0.256802021,1,0
0855.ppm,30,2040,2040,12484800,2033952,254274,0.48874279,0.48880046,49.09978999,97.96333141,31.72937013,23.797000000,48.734000000,23.881366491,48.896543980,1.906077791,3.903466615,1.912835327,3.916485965,0.522784155,0.255330929,1,0
0855.ppm,50,2040,2040,12484800,2950003,368780,0.70886270,0.70891965,33.85433050,97.04616814,33.03764810,23.797000000,48.797000000,23.803695917,48.911112070,1.906077791,3.908512752,1.906614116,3.917652831,0.524489980,0.255254879,1,0
0855.ppm,75,2040,2040,12484800,4952100,619042,1.18995098,1.19000769,20.16793691,95.04163463,34.93419012,23.938000000,48.875000000,23.961623907,48.912788868,1.917371524,3.914760349,1.919263737,3.917787139,0.521033134,0.255246129,1,0
0855.ppm,90,2040,2040,12484800,9424820,1178132,2.26471069,2.26476740,10.59711475,90.56346918,38.18054800,24.391000000,48.953000000,24.455582380,49.068577528,1.953655645,3.921007946,1.958828526,3.930265405,0.510509208,0.254435743,1,0
0855.ppm,100,2040,2040,12484800,26242131,3280296,6.30577927,6.30583622,3.80599800,73.72568243,49.53928178,25.765000000,50.453000000,25.776806355,50.628273726,2.063709471,4.041154043,2.064655129,4.055193013,0.484342390,0.246597387,1,0
0856.ppm,10,2040,1356,8298720,1031256,128937,0.37280062,0.37288739,64.36259569,98.44630256,22.44318881,15.656000000,32.156000000,15.718041658,32.241999865,1.886555999,3.874814429,1.894032051,3.885177457,0.527974170,0.257388501,1,0
0856.ppm,30,2040,1356,8298720,2293427,286708,0.82907738,0.82916305,28.94484981,96.54515395,24.59237554,16.172000000,32.219000000,16.235769749,32.309676647,1.948734263,3.882405961,1.956418550,3.893332544,0.511138069,0.256849367,1,0
0856.ppm,50,2040,1356,8298720,3209155,401173,1.16011445,1.16019724,20.68613790,95.16584485,25.45791329,16.140000000,32.188000000,16.164284945,32.259329557,1.944878246,3.878670446,1.947804595,3.887265694,0.513398522,0.257250232,1,0
0856.ppm,75,2040,1356,8298720,4979034,622408,1.79992842,1.80001157,13.33324764,92.49995180,26.83545047,16.094000000,32.719000000,16.109967947,32.802902460,1.939335223,3.942656217,1.941259369,3.952766506,0.515129517,0.252987369,1,0
0856.ppm,90,2040,1356,8298720,8786017,1098282,3.17615861,3.17624501,7.55609215,86.76564579,29.07311144,16.390000000,32.734000000,16.435555220,32.813348770,1.975003374,3.944463725,1.980492801,3.954025292,0.504924835,0.252906829,1,0
0856.ppm,100,2040,1356,8298720,24288771,3036126,8.78042795,8.78051362,2.73332530,63.41452658,31.22047547,17.453000000,33.797000000,17.472660780,33.815235138,2.103095417,4.072555768,2.105464551,4.074753111,0.474954565,0.245413642,1,0
0857.ppm,10,2040,1416,8665920,452677,56614,0.15670939,0.15679074,153.07026531,99.34670525,30.34188864,16.375000000,33.500000000,16.373303890,33.541007996,1.889585872,3.865717662,1.889390150,3.870449761,0.529271310,0.258367906,1,0
0857.ppm,30,2040,1416,8665920,674267,84312,0.23342023,0.23349950,102.78394535,99.02708541,33.75507584,16.594000000,33.406000000,16.616571188,33.547985554,1.914857280,3.854870573,1.917461872,3.871254934,0.521522756,0.258314169,1,0
0857.ppm,50,2040,1416,8665920,1010152,126298,0.34969813,0.34977844,68.61486326,98.54258982,34.52536104,16.719000000,33.453000000,16.730726480,33.568543911,1.929281600,3.860294118,1.930634772,3.873627256,0.517964358,0.258155970,1,0
0857.ppm,75,2040,1416,8665920,2074332,259320,0.71809987,0.71817880,33.41786210,97.00758835,35.41458894,16.516000000,33.796000000,16.556761503,33.910057545,1.905856505,3.899874451,1.910560160,3.913036071,0.523406706,0.255556039,1,0
0857.ppm,90,2040,1416,8665920,5196145,649547,1.79882055,1.79890052,13.34148260,92.50458116,37.68375924,16.719000000,33.968000000,16.767296076,34.026857615,1.929281600,3.919722315,1.934854704,3.926514163,0.516834674,0.254678822,1,0
0857.ppm,100,2040,1416,8665920,16073094,2009166,5.56424269,5.56432370,4.31319264,76.81531794,49.33140192,17.609000000,34.813000000,17.605899334,34.877486229,2.031982755,4.017230715,2.031624955,4.024672075,0.492216832,0.248467448,1,0
0858.ppm,10,2040,1356,8298720,868237,108559,0.31386901,0.31395396,76.44432981,98.69185850,26.63479205,15.750000000,31.953000000,15.808607817,32.035614491,1.897883047,3.850352825,1.904945319,3.860307914,0.524949451,0.259046693,1,0
0858.ppm,30,2040,1356,8298720,1907169,238426,0.68944452,0.68953092,34.80627113,97.12695452,29.83440280,15.860000000,31.796000000,15.916310310,31.861289740,1.911138103,3.831434245,1.917923524,3.839301692,0.521397223,0.260464032,1,0
0858.ppm,50,2040,1356,8298720,2684572,335601,0.97047689,0.97056221,24.72793585,95.95599080,31.13276469,16.078000000,31.890000000,16.124876976,31.944627285,1.937407215,3.842761293,1.943055914,3.849343909,0.514653229,0.259784530,1,0
0858.ppm,75,2040,1356,8298720,4107443,513460,1.48484694,1.48493262,16.16234955,93.81278077,32.79547287,16.000000000,32.234000000,16.051118374,32.329793692,1.928008175,3.884213469,1.934167965,3.895756658,0.517018179,0.256689544,1,0
0858.ppm,90,2040,1356,8298720,7101945,887773,2.56736400,2.56745040,9.34779499,89.30228999,35.06485976,16.219000000,32.485000000,16.242515087,32.559376001,1.954397787,3.914459097,1.957231367,3.923421443,0.510925799,0.254879578,1,0
0858.ppm,100,2040,1356,8298720,20826582,2603352,7.52884132,7.52892591,3.18770570,68.62947539,39.92287337,17.000000000,33.141000000,17.033937693,33.286308765,2.048508686,3.993507432,2.052598195,4.011017213,0.487187411,0.249313316,1,0
0859.ppm,10,2040,1356,8298720,1070559,133849,0.38700872,0.38709295,62.00061263,98.38711271,25.38811629,15.578000000,32.125000000,15.619811296,32.210204601,1.877156959,3.871078913,1.882195242,3.881346111,0.531294511,0.257642573,1,0
0859.ppm,30,2040,1356,8298720,2316293,289567,0.83734347,0.83743131,28.65906681,96.51070286,28.75413387,15.828000000,32.141000000,15.832043171,32.256969690,1.907282087,3.873006922,1.907769291,3.886981328,0.524172396,0.257269052,1,0
0859.ppm,50,2040,1356,8298720,3211505,401468,1.16096398,1.16105038,20.67093766,95.16229009,30.18323418,16.437000000,32.031000000,16.481567860,32.052172899,1.980666898,3.859751865,1.986037348,3.862303211,0.503515204,0.258912868,1,0
0859.ppm,75,2040,1356,8298720,4867740,608496,1.75969547,1.75977789,13.63808472,92.66759211,32.29252891,15.953000000,32.844000000,16.003443241,32.954595327,1.922344651,3.957718781,1.928423087,3.971045574,0.518558405,0.251822846,1,0
0859.ppm,90,2040,1356,8298720,8325173,1040676,3.00956280,3.00964775,7.97435513,87.45980103,35.67306349,16.234000000,32.469000000,16.243273497,32.574766397,1.956205294,3.912531089,1.957322755,3.925275994,0.510901944,0.254759156,1,0
0859.ppm,100,2040,1356,8298720,22385200,2798179,8.09228411,8.09236798,2.96575737,66.28180008,42.83504206,17.579000000,33.297000000,17.609326363,33.290566444,2.118278482,4.012305512,2.121932824,4.011530265,0.471268453,0.249281430,1,0
0860.ppm,10,2040,1536,9400320,1808578,226101,0.57718610,0.57725950,41.57575597,97.59475209,22.50537785,18.110000000,36.829000000,18.128521681,36.937358379,1.926530161,3.917845350,1.928500485,3.929372445,0.518537593,0.254493565,1,0
0860.ppm,30,2040,1536,9400320,3662617,457856,1.16888053,1.16895425,20.53117137,95.12935730,26.14066648,17.953000000,36.250000000,18.020083189,36.389345646,1.909828602,3.856251702,1.916964868,3.871075202,0.521657969,0.258326162,1,0
0860.ppm,50,2040,1536,9400320,4941689,617741,1.57708110,1.57715737,15.21725124,93.42851094,27.98784090,18.031000000,36.375000000,18.034713745,36.421707392,1.918126191,3.869549122,1.918521257,3.874517824,0.521234777,0.258096632,1,0
0860.ppm,75,2040,1536,9400320,7197114,899669,2.29687309,2.29694904,10.44864278,90.42937900,30.64493851,18.484000000,36.375000000,18.529116631,36.433752060,1.966316040,3.869549122,1.971115518,3.875799128,0.507326938,0.258011307,1,0
0860.ppm,90,2040,1536,9400320,11514793,1439378,3.67480884,3.67488256,6.53082095,84.68798935,34.23165184,18.609000000,36.719000000,18.603393555,36.781863928,1.979613460,3.906143621,1.979017050,3.912831045,0.505301357,0.255569430,1,0
0860.ppm,100,2040,1536,9400320,27780331,3472571,8.86576127,8.86583691,2.70702025,63.05901288,39.29963339,19.625000000,37.609000000,19.677135944,37.674307346,2.087694887,4.000821249,2.093241075,4.007768602,0.477728061,0.249515404,1,0
0861.ppm,10,2040,1356,8298720,1135102,141918,0.41034111,0.41042860,58.47545766,98.28988085,24.54079302,15.937000000,32.032000000,15.937750340,32.162241459,1.920416643,3.859872366,1.920507059,3.875566528,0.520695821,0.258026792,1,0
0861.ppm,30,2040,1356,8298720,2297394,287203,0.83051145,0.83059460,28.89496280,96.53918918,27.84061466,15.797000000,32.125000000,15.876716852,32.210098982,1.903546571,3.871078913,1.913152492,3.881333384,0.522697487,0.257643418,1,0
0861.ppm,50,2040,1356,8298720,3145507,393218,1.13710560,1.13719128,21.10462898,95.26170301,29.54228392,15.844000000,32.047000000,15.840811253,32.083308935,1.909210095,3.861679874,1.908825849,3.866055119,0.523882260,0.258661599,1,0
0861.ppm,75,2040,1356,8298720,4705334,588196,1.70098545,1.70107004,14.10876647,92.91220815,32.10704133,16.047000000,32.406000000,16.079676867,32.478696108,1.933671699,3.904939557,1.937609278,3.913699475,0.516099923,0.255512720,1,0
0861.ppm,90,2040,1356,8298720,7781038,972659,2.81285716,2.81294175,8.53199323,88.27940935,35.52833501,16.172000000,32.266000000,16.192982435,32.322760105,1.948734263,3.888069485,1.951262657,3.894909107,0.512488668,0.256745401,1,0
0861.ppm,100,2040,1356,8298720,20723366,2590449,7.49152857,7.49161027,3.20358363,68.78495720,40.97354117,17.047000000,33.141000000,17.099742413,33.193132877,2.054172210,3.993507432,2.060527697,3.999789471,0.485312574,0.250013159,1,0
0862.ppm,10,2040,1356,8298720,496368,62076,0.17943779,0.17952455,133.68644887,99.25198103,30.05084782,15.984000000,31.922000000,15.985750437,32.003635168,1.926080167,3.846617310,1.926291095,3.856454389,0.519132338,0.259305543,1,0
0862.ppm,30,2040,1356,8298720,878484,109841,0.31757331,0.31766152,75.55211624,98.67641034,34.05405572,15.704000000,33.422000000,15.716841698,33.502891064,1.892340024,4.027368076,1.893887455,4.037115491,0.528014480,0.247701608,1,0
0862.ppm,50,2040,1356,8298720,1235127,154421,0.44650030,0.44658743,53.74087721,98.13921906,35.31880925,15.750000000,32.031000000,15.778433561,32.083828926,1.897883047,3.859751865,1.901309306,3.866117778,0.525953351,0.258657407,1,0
0862.ppm,75,2040,1356,8298720,2166654,270862,0.78324874,0.78333623,30.63818476,96.73609906,36.96574124,15.813000000,31.968000000,15.825808048,32.019708633,1.905474579,3.852160333,1.907017956,3.858391250,0.524378912,0.259175375,1,0
0862.ppm,90,2040,1356,8298720,4495998,562029,1.62531017,1.62539476,14.76564377,93.22752183,39.47870317,16.093000000,32.063000000,16.111121655,32.068559885,1.939214722,3.863607882,1.941398391,3.864277851,0.515092628,0.258780564,1,0
0862.ppm,100,2040,1356,8298720,14899742,1862496,5.38627957,5.38636127,4.45569816,77.55682804,50.47655115,16.891000000,32.766000000,16.923985481,32.877747059,2.035374130,3.948319741,2.039348897,3.961785319,0.490352583,0.252411456,1,0
0863.ppm,10,1500,2040,9180000,632964,79150,0.20685098,0.20692810,115.98231207,99.13779956,29.54607747,17.328000000,35.375000000,17.324526310,35.531116962,1.887581699,3.853485839,1.887203302,3.870492044,0.529884618,0.258365083,1,0
0863.ppm,30,1500,2040,9180000,1145445,143210,0.37432843,0.37440523,64.10166888,98.43997821,33.82742932,17.234000000,35.141000000,17.291710377,35.211779118,1.877342048,3.827995643,1.883628581,3.835705786,0.530890224,0.260708213,1,0
0863.ppm,50,1500,2040,9180000,1555350,194447,0.50828431,0.50835817,47.21080809,97.88184096,35.46138995,17.391000000,35.250000000,17.421689749,35.292712212,1.894444444,3.839869281,1.897787554,3.844522027,0.526929370,0.260110358,1,0
0863.ppm,75,1500,2040,9180000,2351110,293917,0.76833660,0.76841046,31.23330736,96.79828976,37.55281684,17.453000000,35.625000000,17.520616055,35.664753675,1.901198257,3.880718954,1.908563840,3.885049420,0.523954179,0.257396983,1,0
0863.ppm,90,1500,2040,9180000,4329099,541167,1.41473824,1.41481569,16.96334034,94.10493464,40.53043492,17.703000000,35.578000000,17.718137503,35.690222263,1.928431373,3.875599129,1.930080338,3.887823776,0.518113148,0.257213304,1,0
0863.ppm,100,1500,2040,9180000,14573883,1821766,4.76270686,4.76278693,5.03906649,80.15505447,47.66972893,18.266000000,36.219000000,18.304387093,36.325023890,1.989760349,3.945424837,1.993941949,3.956974280,0.501519114,0.252718347,1,0
0864.ppm,10,2040,1356,8298720,759001,94904,0.27438002,0.27446353,87.44331114,98.85640195,28.50351941,15.765000000,32.235000000,15.785768032,32.327945471,1.899690555,3.884333970,1.902193113,3.895533946,0.525708979,0.256704219,1,0
0864.ppm,30,2040,1356,8298720,1605845,200760,0.58051543,0.58060038,41.33652122,97.58083174,32.72044975,15.875000000,31.828000000,15.953358412,31.863931179,1.912945611,3.835290262,1.922387840,3.839619987,0.520186395,0.260442440,1,0
0864.ppm,50,2040,1356,8298720,2230201,278805,0.80622108,0.80630748,29.76531985,96.64038551,34.42531501,16.141000000,31.875000000,16.131147146,31.939708948,1.944998747,3.840953786,1.943811473,3.848751247,0.514453183,0.259824534,1,0
0864.ppm,75,2040,1356,8298720,3365658,420736,1.21669053,1.21677367,19.72429267,94.93010970,36.65181224,16.032000000,32.204000000,16.090227127,32.289110422,1.931864191,3.880598454,1.938880590,3.890854303,0.515761520,0.257012965,1,0
0864.ppm,90,2040,1356,8298720,5774038,721784,2.08732359,2.08740818,11.49751172,91.30246592,40.03314164,16.219000000,32.172000000,16.212483168,32.216609478,1.954397787,3.876742437,1.953612505,3.882117902,0.511872235,0.257591352,1,0
0864.ppm,100,2040,1356,8298720,16002363,2000324,5.78487875,5.78496154,4.14868791,75.89599360,49.28262225,16.703000000,33.343000000,16.738656044,33.416249752,2.012720034,4.017848536,2.017016605,4.026675168,0.495781739,0.248343847,1,0
0865.ppm,10,2040,1536,9400320,874577,109351,0.27911082,0.27918454,85.96464596,98.83673109,27.14492418,17.766000000,35.938000000,17.856081724,36.079089642,1.889935662,3.823061343,1.899518498,3.838070368,0.526449203,0.260547594,1,0
0865.ppm,30,2040,1536,9400320,1804890,225641,0.57600911,0.57608507,41.66051383,97.59964554,30.73772320,17.813000000,35.938000000,17.848216057,36.005457640,1.894935492,3.823061343,1.898681753,3.830237443,0.526681208,0.261080420,1,0
0865.ppm,50,2040,1536,9400320,2492865,311637,0.79556813,0.79564185,30.16432580,96.68482562,32.31709392,18.016000000,36.094000000,18.024169683,36.246875286,1.916530501,3.839656522,1.917399587,3.855919297,0.521539697,0.259341527,1,0
0865.ppm,75,2040,1536,9400320,3819357,477449,1.21890223,1.21897723,19.68863690,94.92092822,34.65960641,17.906000000,36.203000000,17.956617594,36.230430365,1.904828772,3.851251872,1.910213439,3.854169897,0.523501709,0.259459242,1,0
0865.ppm,90,2040,1536,9400320,6673091,834165,2.12963740,2.12971048,11.26913740,91.12620634,38.48098246,18.078000000,36.281000000,18.083339214,36.343300819,1.923126021,3.859549462,1.923694003,3.866176983,0.519833195,0.258653446,1,0
0865.ppm,100,2040,1536,9400320,18487108,2310918,5.89994000,5.90001532,4.06778605,75.41660284,46.53921483,18.954000000,37.484000000,18.997604847,37.528320074,2.016314338,3.987523829,2.020952994,3.992238570,0.494816061,0.250486032,1,0
0866.ppm,10,1356,2040,8298720,1021136,127671,0.36914223,0.36922610,65.00082243,98.46155793,25.29671112,15.859000000,31.797000000,15.851662397,31.796514988,1.911017603,3.831554746,1.910133418,3.831496302,0.523523640,0.260994641,1,0
0866.ppm,30,1356,2040,8298720,2014961,251899,0.72841149,0.72849500,32.94463257,96.96460418,28.59483596,15.718000000,32.219000000,15.747643232,32.243465424,1.894027031,3.882405961,1.897599055,3.885354057,0.526981713,0.257376802,1,0
0866.ppm,50,1356,2040,8298720,2755156,344424,0.99599312,0.99607843,24.09448819,95.84967320,30.06139230,15.859000000,32.437000000,15.886115313,32.494774342,1.911017603,3.908675073,1.914285012,3.915636910,0.522388251,0.255386294,1,0
0866.ppm,75,1356,2040,8298720,4129847,516261,1.49294602,1.49303314,16.07465991,93.77902857,32.21055385,15.969000000,32.500000000,16.002859116,32.654587030,1.924272659,3.916266605,1.928352700,3.934894421,0.518577333,0.254136425,1,0
0866.ppm,90,1356,2040,8298720,6889912,861268,2.49071375,2.49079762,9.63546771,89.62167660,35.03925689,16.109000000,32.625000000,16.167756796,32.657523155,1.941142730,3.931329169,1.948222954,3.935248226,0.513288275,0.254113576,1,0
0866.ppm,100,1356,2040,8298720,19032162,2379049,6.88015573,6.88023888,3.48825098,71.33233800,39.09153152,17.188000000,33.032000000,17.209118366,33.202846289,2.071162782,3.980372877,2.073707556,4.000959942,0.482228074,0.249940018,1,0
0867.ppm,10,1356,2040,8298720,927362,115950,0.33524278,0.33532882,71.57153946,98.60279658,26.22408371,15.688000000,32.062000000,15.713044882,32.151297569,1.890412015,3.863487381,1.893429936,3.874247784,0.528142067,0.258114621,1,0
0867.ppm,30,1356,2040,8298720,1806280,225813,0.65297299,0.65305396,36.75040852,97.27894181,29.80854174,16.000000000,32.844000000,16.018540859,32.856825590,1.928008175,3.957718781,1.930242358,3.959264271,0.518069659,0.252572178,1,0
0867.ppm,50,1356,2040,8298720,2441910,305269,0.88275421,0.88284169,27.18494181,96.32149295,31.18780488,15.922000000,32.094000000,15.940169573,32.163641453,1.918609135,3.867343398,1.920798578,3.875735228,0.520616795,0.258015561,1,0
0867.ppm,75,1356,2040,8298720,3640359,455075,1.31599536,1.31608248,18.23593913,94.51632300,32.92985773,15.922000000,32.109000000,15.976831913,32.171988726,1.918609135,3.869150905,1.925216408,3.876741079,0.519422126,0.257948617,1,0
0867.ppm,90,1356,2040,8298720,6215844,777010,2.24703713,2.24712245,10.68032586,90.63698980,35.33368949,16.156000000,32.281000000,16.249161720,32.311364889,1.946806254,3.889876993,1.958032289,3.893535978,0.510716808,0.256835947,1,0
0867.ppm,100,1356,2040,8298720,18259641,2282484,6.60088821,6.60097172,3.63582833,72.49595118,39.21039597,17.375000000,33.250000000,17.421372652,33.283644676,2.093696377,4.006641988,2.099284306,4.010696189,0.476352821,0.249333271,1,0
0868.ppm,10,2040,1356,8298720,517896,64767,0.18722020,0.18730696,128.13191903,99.21955434,29.23986164,15.641000000,31.844000000,15.693132877,31.870641708,1.884748491,3.837218270,1.891030530,3.840428609,0.528812192,0.260387603,1,0
0868.ppm,30,2040,1356,8298720,753784,94253,0.27249407,0.27258083,88.04727701,98.86424653,34.62751536,15.500000000,32.078000000,15.555764914,32.165660858,1.867757919,3.865415389,1.874477620,3.875978568,0.533481963,0.257999363,1,0
0868.ppm,50,2040,1356,8298720,928536,116096,0.33566719,0.33575106,71.48153252,98.60103727,36.48618935,15.625000000,31.844000000,15.650281668,31.955740690,1.882820483,3.837218270,1.885866937,3.850683080,0.530260105,0.259694184,1,0
0868.ppm,75,2040,1356,8298720,1249132,156171,0.45156313,0.45164845,53.13867491,98.11813147,38.80287931,15.844000000,31.797000000,15.916507006,31.802054405,1.909210095,3.831554746,1.917947226,3.832163804,0.521390780,0.260949179,1,0
0868.ppm,90,2040,1356,8298720,1918984,239903,0.69371566,0.69380242,34.59198093,97.10915659,42.13060714,15.859000000,31.797000000,15.893758297,31.857348680,1.911017603,3.831554746,1.915205995,3.838826793,0.522137046,0.260496254,1,0
0868.ppm,100,2040,1356,8298720,6405451,800711,2.31558035,2.31566603,10.36418883,90.35139154,47.04308317,16.281000000,32.672000000,16.321287870,32.754838228,1.961868818,3.936992693,1.966723527,3.946974742,0.508459876,0.253358601,1,0
0869.ppm,10,1356,2040,8298720,971816,121506,0.35131297,0.35139684,68.29884944,98.53584649,25.34996013,15.578000000,34.094000000,15.667739153,34.211628914,1.877156959,4.108344419,1.887970573,4.122518764,0.529669273,0.242570151,1,0
0869.ppm,30,1356,2040,8298720,1839631,229983,0.66502943,0.66511366,36.08405839,97.22869310,29.32150795,15.922000000,33.391000000,15.972971201,33.495598555,1.918609135,4.023632560,1.924751191,4.036236739,0.519547672,0.247755537,1,0
0869.ppm,50,1356,2040,8298720,2456420,307081,0.88799960,0.88808202,27.02453099,96.29965826,31.35462992,15.766000000,32.000000000,15.798190355,32.093422413,1.899811055,3.856016350,1.903690009,3.867273798,0.525295607,0.258580088,1,0
0869.ppm,75,1356,2040,8298720,3586612,448355,1.29656574,1.29664816,18.50926163,94.59729934,34.40123953,16.016000000,32.000000000,16.065575838,32.106867313,1.929936183,3.856016350,1.935910097,3.868893915,0.516552913,0.258471807,1,0
0869.ppm,90,1356,2040,8298720,6022548,752848,2.17716033,2.17724565,11.02310161,90.92814314,38.61337136,16.219000000,32.375000000,16.251703978,32.403569460,1.954397787,3.901204041,1.958338633,3.904646676,0.510636916,0.256105119,1,0
0869.ppm,100,1356,2040,8298720,17035606,2129481,6.15839768,6.15848516,3.89706224,74.33964515,46.73733255,16.906000000,33.766000000,16.911183834,33.840651274,2.037181638,4.068820252,2.037806292,4.077815768,0.490723777,0.245229323,1,0
0870.ppm,10,2040,1572,9620640,1164184,145552,0.36302699,0.36309934,66.09761460,98.48708610,26.49672717,18.157000000,37.391000000,18.212571383,37.484534502,1.887296479,3.886539773,1.893072746,3.896262047,0.528241718,0.256656248,1,0
0870.ppm,30,2040,1572,9620640,2346762,293375,0.73178978,0.73186399,32.79297827,96.95056670,30.69716087,18.281000000,42.047000000,18.331183910,42.306163311,1.900185435,4.370499260,1.905401710,4.397437521,0.524823713,0.227405164,1,0
0870.ppm,50,2040,1572,9620640,3191121,398920,0.99508588,0.99516041,24.11671513,95.85349831,32.37015279,18.453000000,37.625000000,18.514531374,37.658792019,1.918063663,3.910862479,1.924459430,3.914374929,0.519626439,0.255468630,1,0
0870.ppm,75,2040,1572,9620640,4713124,589170,1.46969141,1.46976501,16.32914099,93.87597914,34.34871485,19.734000000,40.375000000,19.764747143,40.510289669,2.051214888,4.196706248,2.054410844,4.210768688,0.486757555,0.237486329,1,0
0870.ppm,90,2040,1572,9620640,7862783,982877,2.45184821,2.45192087,9.78824410,89.78366304,36.77565124,18.844000000,41.093000000,18.876572847,41.204291344,1.958705450,4.271337458,1.962091176,4.282905435,0.509660312,0.233486360,1,0
0870.ppm,100,2040,1572,9620640,22481994,2810279,7.01055044,7.01062466,3.42337540,70.78906393,41.44345891,19.781000000,38.750000000,19.816030502,38.803049564,2.056100218,4.027798566,2.059741400,4.033312707,0.485497840,0.247935152,1,0
0871.ppm,10,2040,1356,8298720,731519,91470,0.26444524,0.26453236,90.72613972,98.89778183,27.87735311,15.641000000,32.000000000,15.655750275,32.047198534,1.884748491,3.856016350,1.886525907,3.861703797,0.530074883,0.258953056,1,0
0871.ppm,30,2040,1356,8298720,1428072,178538,0.51625022,0.51633409,46.48153334,97.84860798,31.91437416,15.812000000,32.234000000,15.810260773,32.326280117,1.905354079,3.884213469,1.905144501,3.895333270,0.524894568,0.256717444,1,0
0871.ppm,50,2040,1356,8298720,1954193,244303,0.70644376,0.70652727,33.96896477,97.05613637,33.49668967,15.922000000,32.359000000,15.957961559,32.468800068,1.918609135,3.899276033,1.922942521,3.912506997,0.520036345,0.255590597,1,0
0871.ppm,75,2040,1356,8298720,2927258,365937,1.05820825,1.05829429,22.67800195,95.59044045,35.43281307,16.032000000,32.828000000,16.067409754,32.877401590,1.931864191,3.955790773,1.936131085,3.961743689,0.516493954,0.252414108,1,0
0871.ppm,90,2040,1356,8298720,5015819,627007,1.81322626,1.81331193,13.23545032,92.44453361,37.98389222,16.672000000,32.187000000,16.692235231,32.223740578,2.008984518,3.878549945,2.011422874,3.882977203,0.497160499,0.257534347,1,0
0871.ppm,100,2040,1356,8298720,14837016,1854656,5.36360403,5.36368789,4.47453328,77.65130044,42.64338454,16.594000000,32.969000000,16.599135876,33.006392002,1.999585478,3.972781345,2.000204354,3.977287100,0.499948917,0.251427663,1,0
0872.ppm,10,2040,1356,8298720,1205697,150742,0.43586131,0.43594771,55.05247376,98.18355120,24.00859947,15.687000000,31.813000000,15.684463978,31.909715176,1.890291515,3.833482754,1.889985923,3.845136982,0.529104470,0.260068758,1,0
0872.ppm,30,2040,1356,8298720,2599018,324907,0.93954899,0.93963503,25.54183197,96.08485405,27.27085863,15.875000000,32.078000000,15.918355227,32.159772873,1.912945611,3.865415389,1.918169938,3.875269062,0.521330243,0.258046599,1,0
0872.ppm,50,2040,1356,8298720,3592735,449122,1.29877921,1.29886633,18.47765195,94.58805695,28.81552993,16.032000000,32.078000000,16.031297684,32.132769585,1.931864191,3.865415389,1.931779562,3.872015152,0.517657408,0.258263452,1,0
0872.ppm,75,2040,1356,8298720,5376448,672084,1.94359419,1.94367517,12.34774225,91.90135346,31.05683287,16.141000000,32.281000000,16.180887938,32.337500811,1.944998747,3.889876993,1.949805264,3.896685370,0.512871731,0.256628366,1,0
0872.ppm,90,2040,1356,8298720,8982979,1122901,3.24736068,3.24744346,7.39042890,86.46898558,34.42655509,16.609000000,32.578000000,16.674000025,32.722315073,2.001392986,3.925665645,2.009225522,3.943055685,0.497704209,0.253610418,1,0
0872.ppm,100,2040,1356,8298720,22627302,2828443,8.17980436,8.17989184,2.93402413,65.91711734,39.89981936,17.063000000,33.640000000,17.138131142,33.724940777,2.056100218,4.053637187,2.065153559,4.063872594,0.484225493,0.246070706,1,0
0873.ppm,10,2040,1356,8298720,1077561,134724,0.38953995,0.38962346,61.59793355,98.37656892,24.32781254,15.828000000,32.000000000,15.813035250,32.097062349,1.907282087,3.856016350,1.905478827,3.867712412,0.524802473,0.258550764,1,0
0873.ppm,30,2040,1356,8298720,2230475,278839,0.80632013,0.80640581,29.76169044,96.63997580,27.77441991,15.875000000,31.969000000,15.887399912,32.019032001,1.912945611,3.852280834,1.914439807,3.858309715,0.522346013,0.259180852,1,0
0873.ppm,50,2040,1356,8298720,3054867,381888,1.10433910,1.10442478,21.73076923,95.39823009,29.42470830,16.156000000,32.078000000,16.148244858,32.146355152,1.946806254,3.865415389,1.945871756,3.873652220,0.513908482,0.258154306,1,0
0873.ppm,75,2040,1356,8298720,4547307,568443,1.64385845,1.64394413,14.59903631,93.15023281,31.83687781,17.906000000,39.218000000,17.941148996,39.335692883,2.157682149,4.725789037,2.161917621,4.739971090,0.462552315,0.210971751,1,0
0873.ppm,90,2040,1356,8298720,7478801,934879,2.70359802,2.70368153,8.87678512,88.73466028,35.22821037,21.750000000,33.516000000,21.817497730,33.633855820,2.620886113,4.038695124,2.629019624,4.052896811,0.380369926,0.246737099,1,0
0873.ppm,100,2040,1356,8298720,19769997,2471279,7.14688422,7.14696917,3.35806681,70.22096179,40.46733112,17.329000000,33.234000000,17.317779064,33.273718357,2.088153354,4.004713980,2.086801225,4.009500062,0.479202325,0.249407653,1,0
0874.ppm,10,2040,1356,8298720,703684,87990,0.25438284,0.25446816,94.31435390,98.93971600,28.09420753,15.625000000,31.906000000,15.640311956,31.972052813,1.882820483,3.844689301,1.884665582,3.852648699,0.530598112,0.259561688,1,0
0874.ppm,30,2040,1356,8298720,1506930,188395,0.54475750,0.54484065,44.04957669,97.72983062,32.34326204,15.844000000,32.172000000,15.874609470,32.274600029,1.909210095,3.876742437,1.912898552,3.889105793,0.522766876,0.257128516,1,0
0874.ppm,50,2040,1356,8298720,2119154,264924,0.76607742,0.76616346,31.32490828,96.80765226,33.95490188,16.063000000,32.719000000,16.077468872,32.777140856,1.935599707,3.942656217,1.937343213,3.949662220,0.516170802,0.253186208,1,0
0874.ppm,75,2040,1356,8298720,3231167,403925,1.16807182,1.16815605,20.54520022,95.13268311,36.14770667,15.875000000,32.359000000,15.911305666,32.435292721,1.912945611,3.899276033,1.917320462,3.908469345,0.521561220,0.255854636,1,0
0874.ppm,90,2040,1356,8298720,5599005,699905,2.02404889,2.02413384,11.85692344,91.56610899,39.49042007,16.234000000,32.140000000,16.270246267,32.238603354,1.956205294,3.872886421,1.960572988,3.884768176,0.510054972,0.257415618,1,0
0874.ppm,100,2040,1356,8298720,16248906,2031142,5.87400442,5.87408757,4.08574093,75.52463512,48.13164468,16.735000000,33.000000000,16.802668810,33.052903891,2.016576050,3.976516860,2.024730176,3.982891806,0.493892970,0.251073855,1,0
0875.ppm,10,2040,1536,9400320,1353316,169194,0.43189466,0.43196998,55.55941700,98.20012510,24.48642419,17.735000000,35.953000000,17.763185740,36.006115198,1.886637902,3.824657033,1.889636283,3.830307394,0.529202370,0.261075652,1,0
0875.ppm,30,2040,1536,9400320,2892165,361550,0.92299996,0.92307496,26.00005532,96.15385434,28.11757766,17.969000000,36.312000000,18.003499269,36.368871927,1.911530671,3.862847222,1.915200681,3.868897221,0.522138494,0.258471586,1,0
0875.ppm,50,2040,1536,9400320,3981856,497762,1.27076185,1.27083844,18.88517002,94.70483984,29.81578709,18.047000000,36.250000000,18.082721710,36.390372753,1.919828261,3.856251702,1.923628314,3.871184465,0.519850947,0.258318871,1,0
0875.ppm,75,2040,1536,9400320,5947943,743523,1.89821506,1.89829197,12.64294447,92.09045011,32.26271457,18.359000000,36.953000000,18.373260736,37.040004730,1.953018621,3.931036390,1.954535669,3.940291898,0.511630469,0.253788305,1,0
0875.ppm,90,2040,1536,9400320,9867932,1233521,3.14923279,3.14930811,7.62072150,86.87788288,35.76350776,18.875000000,36.765000000,18.909231901,36.883912086,2.007910369,3.911037071,2.011551937,3.923686862,0.497128601,0.254862336,1,0
0875.ppm,100,2040,1536,9400320,25281855,3160261,8.06840246,8.06847682,2.97453913,66.38134659,41.87079916,19.453000000,37.610000000,19.463857651,37.662083387,2.069397638,4.000927628,2.070552667,4.006468225,0.482962842,0.249596389,1,0
0876.ppm,10,2040,1356,8298720,1287250,160936,0.46534285,0.46542889,51.56534274,98.06071298,23.34884246,15.656000000,31.906000000,15.715502501,31.954368114,1.886555999,3.844689301,1.893726081,3.850517684,0.528059475,0.259705339,1,0
0876.ppm,30,2040,1356,8298720,2785590,348228,1.00699505,1.00707965,23.83128295,95.80383481,26.24809550,15.859000000,31.922000000,15.891944170,32.035984039,1.911017603,3.846617310,1.914987392,3.860352445,0.522196650,0.259043705,1,0
0876.ppm,50,2040,1356,8298720,3884769,485626,1.40434995,1.40443635,17.08870612,94.14818189,27.78561767,16.016000000,31.187000000,16.031302452,31.241881609,1.929936183,3.758049434,1.931780136,3.764662696,0.517657254,0.265628047,1,0
0876.ppm,75,2040,1356,8298720,5931855,741511,2.14437467,2.14445890,11.19163438,91.06475456,30.33522714,14.875000000,30.219000000,14.964774370,30.290777683,1.792445100,3.641404940,1.803262957,3.650054187,0.554550292,0.273968535,1,0
0876.ppm,90,2040,1356,8298720,9857833,1232259,3.56362174,3.56370814,6.73455824,85.15121609,34.10828771,15.250000000,30.344000000,15.256468773,30.404190540,1.837632792,3.656467503,1.838412282,3.663720494,0.543947628,0.272946586,1,0
0876.ppm,100,2040,1356,8298720,25104123,3138044,9.07517894,9.07526173,2.64455183,62.18640947,39.40632731,16.156000000,31.110000000,16.178464174,31.190246344,1.946806254,3.748770895,1.949513199,3.758440620,0.512948566,0.266067793,1,0
0877.ppm,10,2040,1152,7050240,429497,53716,0.18275846,0.18285675,131.25027925,99.23809686,30.73575032,12.250000000,25.031000000,12.286393642,25.058559895,1.737529503,3.550375590,1.742691546,3.554284662,0.573825014,0.281350566,1,0
0877.ppm,30,2040,1152,7050240,695886,87015,0.29611162,0.29621119,81.02327185,98.76578670,35.79686627,12.250000000,25.110000000,12.294854403,25.171655893,1.737529503,3.561580882,1.743891613,3.570326101,0.573430133,0.280086460,1,0
0877.ppm,50,2040,1152,7050240,929906,116268,0.39569121,0.39579248,60.63783672,98.35086465,37.44955214,12.297000000,25.031000000,12.329231977,25.151249647,1.744195942,3.550375590,1.748767698,3.567431697,0.571831239,0.280313706,1,0
0877.ppm,75,2040,1152,7050240,1370722,171369,0.58326610,0.58336397,41.14069639,97.56931679,39.57127205,12.375000000,25.079000000,12.387003183,25.173764944,1.755259395,3.557183869,1.756961917,3.570625247,0.569164300,0.280062995,1,0
0877.ppm,90,2040,1152,7050240,2379342,297447,1.01245149,1.01255106,23.70250835,95.78103724,41.89655004,12.515000000,25.281000000,12.552616119,25.317673683,1.775116875,3.585835376,1.780452314,3.591037140,0.561655031,0.278471083,1,0
0877.ppm,100,2040,1152,7050240,7720104,965042,3.28503881,3.28513753,7.30563022,86.31192697,47.32425324,12.828000000,25.547000000,12.857398510,25.589254379,1.819512527,3.623564588,1.823682387,3.629557913,0.548341097,0.275515648,1,0
0878.ppm,10,2040,1740,10648800,972231,121558,0.27389875,0.27396439,87.60262591,98.85848171,28.82252773,18.641000000,37.938000000,18.721073627,38.010489702,1.750525881,3.562654947,1.758045379,3.569462259,0.568813531,0.280154244,1,0
0878.ppm,30,2040,1740,10648800,1836569,229601,0.51740168,0.51746901,46.37958894,97.84387912,33.07523146,18.735000000,38.094000000,18.735343933,38.195529461,1.759353167,3.577304485,1.759385464,3.586838842,0.568380278,0.278797025,1,0
0878.ppm,50,2040,1740,10648800,2514330,314320,0.70834178,0.70840658,33.87884958,97.04830591,34.75011425,18.844000000,38.110000000,18.856078386,38.255339146,1.769589062,3.578807002,1.770723310,3.592455408,0.564740970,0.278361145,1,0
0878.ppm,75,2040,1740,10648800,3819152,477423,1.07593870,1.07600406,22.30474862,95.51664976,36.83352743,18.844000000,38.110000000,18.933728218,38.247873783,1.769589062,3.578807002,1.778015196,3.591754356,0.562424889,0.278415476,1,0
0878.ppm,90,2040,1740,10648800,6677078,834665,1.88107899,1.88114717,12.75817244,92.16188679,39.65530799,19.031000000,38.484000000,19.133364916,38.552611351,1.787149726,3.613928330,1.796762538,3.620371436,0.556556573,0.276214752,1,0
0878.ppm,100,2040,1740,10648800,19832455,2479086,5.58723659,5.58730223,4.29545405,76.71957404,46.76902940,19.953000000,39.328000000,20.031136036,39.435889721,1.873732252,3.693186087,1.881069795,3.703317719,0.531612385,0.270028141,1,0
0879.ppm,10,2040,1872,11456640,1016758,127124,0.26624508,0.26630635,90.12177087,98.89039020,27.74745457,20.078000000,40.609000000,20.118848085,40.754433632,1.752520809,3.544582007,1.756086260,3.557276272,0.569448109,0.281113954,1,0
0879.ppm,30,2040,1872,11456640,1802239,225309,0.47192868,0.47198969,50.84856797,98.03337628,31.57798285,20.016000000,40.844000000,20.117585659,40.900539160,1.747109100,3.565094129,1.755976068,3.570029185,0.569483843,0.280109755,1,0
0879.ppm,50,2040,1872,11456640,2371334,296445,0.62095012,0.62100930,38.64676416,97.41246125,33.36889781,20.156000000,40.797000000,20.175585508,40.943320036,1.759329088,3.560991704,1.761038621,3.573763340,0.567846717,0.279817074,1,0
0879.ppm,75,2040,1872,11456640,3474739,434372,0.90988431,0.90994637,26.37518072,96.20855678,35.84254350,20.437000000,40.969000000,20.463025808,41.013659239,1.783856349,3.576004832,1.786128028,3.579902942,0.559870281,0.279337182,1,0
0879.ppm,90,2040,1872,11456640,6247145,780922,1.63585790,1.63591838,14.67065853,93.18367340,39.18910667,20.437000000,41.125000000,20.454329729,41.158422470,1.783856349,3.589621390,1.785368985,3.592538691,0.560108307,0.278354692,1,0
0879.ppm,100,2040,1872,11456640,20835722,2604495,5.45597715,5.45603947,4.39879516,77.26650222,44.99066143,21.453000000,42.062000000,21.474107265,42.173887968,1.872538545,3.671408022,1.874380906,3.681174233,0.533509489,0.271652450,1,0
0880.ppm,10,1356,2040,8298720,641586,80228,0.23193432,0.23202036,103.43919828,99.03324850,29.48482720,14.500000000,29.547000000,14.598334312,29.600046396,1.747257408,3.560428596,1.759106743,3.566820714,0.568470335,0.280361723,1,0
0880.ppm,30,1356,2040,8298720,1124753,140624,0.40659993,0.40668633,59.01353965,98.30547362,34.25803989,14.546000000,29.766000000,14.584996939,29.828057528,1.752800432,3.586818208,1.757499583,3.594296172,0.568990178,0.278218586,1,0
0880.ppm,50,1356,2040,8298720,1474496,184341,0.53303256,0.53311643,45.01830846,97.77868153,35.89830346,14.609000000,29.969000000,14.640132666,30.003795147,1.760391964,3.611279812,1.764143466,3.615472645,0.566847322,0.276589010,1,0
0880.ppm,75,1356,2040,8298720,2138466,267338,0.77305874,0.77314477,31.04205164,96.77856344,37.99421234,14.656000000,29.719000000,14.666913748,29.784500837,1.766055488,3.581154684,1.767370600,3.589047568,0.565812286,0.278625452,1,0
0880.ppm,90,1356,2040,8298720,3696576,462101,1.33631789,1.33640176,17.95867137,94.43165934,41.18454007,14.812000000,30.000000000,14.844139338,30.048672199,1.784853568,3.615015328,1.788726374,3.620880353,0.559057000,0.276175930,1,0
0880.ppm,100,1356,2040,8298720,12685799,1585754,4.58593578,4.58602001,5.23329596,80.89158328,48.95524068,15.422000000,30.406000000,15.451040030,30.434092760,1.858358879,3.663938535,1.861858218,3.667323727,0.537097825,0.272678409,1,0
0881.ppm,10,2040,1260,7711200,704151,88048,0.27394608,0.27403673,87.57950209,98.85818031,26.74234477,13.485000000,27.484000000,13.525739193,27.590323210,1.748755058,3.564166407,1.754038177,3.577954561,0.570113019,0.279489296,1,0
0881.ppm,30,2040,1260,7711200,1398048,174785,0.54390289,0.54399315,44.11820236,97.73336186,30.15827520,13.547000000,27.625000000,13.570940733,27.648163319,1.756795311,3.582451499,1.759899981,3.585455353,0.568214109,0.278904602,1,0
0881.ppm,50,2040,1260,7711200,1924590,240603,0.74875117,0.74884220,32.04947569,96.87982415,31.73996350,13.532000000,27.579000000,13.588006496,27.635028839,1.754850088,3.576486150,1.762113095,3.583752054,0.567500465,0.279037161,1,0
0881.ppm,75,2040,1260,7711200,2937672,367238,1.14288515,1.14297541,20.99782702,95.23760245,34.27049777,13.844000000,27.812000000,13.866139174,27.921758413,1.795310717,3.606701940,1.798181758,3.620935576,0.556117309,0.276171718,1,0
0881.ppm,90,2040,1260,7711200,5046907,630892,1.96347144,1.96356054,12.22269422,91.81849777,38.53264536,13.781000000,27.735000000,13.844190359,27.844577551,1.787140782,3.596716464,1.795335403,3.610926646,0.556998987,0.276937224,1,0
0881.ppm,100,2040,1260,7711200,14386516,1798344,5.59699502,5.59708683,4.28794491,76.67880486,46.62467272,14.531000000,28.453000000,14.536491394,28.535033464,1.884401909,3.689827783,1.885114041,3.700466006,0.530471886,0.270236235,1,0
0882.ppm,10,2040,1356,8298720,614514,76844,0.22214775,0.22223379,107.99437822,99.07402587,29.40133909,14.500000000,29.500000000,14.524779081,29.620879889,1.747257408,3.554765072,1.750243300,3.569331161,0.571349137,0.280164534,1,0
0882.ppm,30,2040,1356,8298720,1023510,127968,0.37000043,0.37008503,64.84996249,98.45797906,34.24989730,14.531000000,29.657000000,14.573849678,29.747449636,1.750992924,3.573683652,1.756156332,3.584582880,0.569425387,0.278972487,1,0
0882.ppm,50,2040,1356,8298720,1343497,167967,0.48567622,0.48576262,49.40684777,97.97598907,36.05790814,14.578000000,29.640000000,14.606777668,29.684262514,1.756656448,3.571635144,1.760124172,3.576968799,0.568141735,0.279566319,1,0
0882.ppm,75,2040,1356,8298720,2007872,251013,0.72584881,0.72593267,33.06091716,96.97528053,38.29367652,14.594000000,29.734000000,14.662652731,29.750334263,1.758584456,3.582962192,1.766857146,3.584930479,0.565976713,0.278945437,1,0
0882.ppm,90,2040,1356,8298720,3668287,458565,1.32609137,1.32617560,18.09715089,94.47426832,40.90853095,14.938000000,29.937000000,14.974616051,29.968195200,1.800036632,3.607423795,1.804448885,3.611182833,0.554185828,0.276917577,1,0
0882.ppm,100,2040,1356,8298720,13757654,1719736,4.97341301,4.97349760,4.82557788,79.27709333,46.10349480,15.500000000,30.531000000,15.493620872,30.557696104,1.867757919,3.679001099,1.866989231,3.682217993,0.535621729,0.271575448,1,0
0883.ppm,10,2040,1380,8445600,1107748,138497,0.39348821,0.39356920,60.98038225,98.36012835,26.05464168,14.922000000,30.281000000,14.938416004,30.341732740,1.766837170,3.585417259,1.768780904,3.592608310,0.565361147,0.278349298,1,0
0883.ppm,30,2040,1380,8445600,2237682,279739,0.79485720,0.79493890,30.19099947,96.68775457,29.35317720,14.969000000,30.391000000,15.001041651,30.442963123,1.772402198,3.598441792,1.776196084,3.604594478,0.563000903,0.277423717,1,0
0883.ppm,50,2040,1380,8445600,3035941,379522,1.07841041,1.07849389,22.25325541,95.50627546,30.42975724,15.188000000,30.703000000,15.206393719,30.775651217,1.798332860,3.635384105,1.800510765,3.643986362,0.555397957,0.274424737,1,0
0883.ppm,75,2040,1380,8445600,4455233,556933,1.58256358,1.58264564,15.16448119,93.40564318,31.55129532,15.156000000,30.688000000,15.201951981,30.764446497,1.794543905,3.633608033,1.799984842,3.642659669,0.555560234,0.274524686,1,0
0883.ppm,90,2040,1380,8445600,7400365,925075,2.62871732,2.62880080,9.12963814,89.04666335,32.98851394,15.484000000,30.813000000,15.555235386,30.879337549,1.833380695,3.648408639,1.841815310,3.656263326,0.542942604,0.273503277,1,0
0883.ppm,100,2040,1380,8445600,21952990,2744154,7.79802145,7.79810742,3.07766984,67.50788576,36.55155084,16.375000000,31.703000000,16.409115076,31.733916759,1.938879417,3.753788955,1.942918807,3.757449649,0.514689547,0.266137964,1,0
0884.ppm,10,2040,1356,8298720,1001370,125201,0.36199679,0.36208283,66.28317665,98.49132155,25.47559489,14.532000000,29.641000000,14.611238480,29.670276642,1.751113425,3.571755644,1.760661702,3.575283495,0.567968281,0.279698100,1,0
0884.ppm,30,2040,1356,8298720,2096220,262056,0.75778674,0.75786917,31.66773514,96.84221181,28.82560218,14.671000000,29.703000000,14.696831942,29.747324705,1.767862996,3.579226676,1.770975758,3.584567826,0.564660468,0.278973658,1,0
0884.ppm,50,2040,1356,8298720,2902406,362831,1.04922422,1.04931170,22.87213606,95.62786791,30.23097496,14.703000000,29.812000000,14.735075235,29.872676849,1.771719012,3.592361232,1.775584094,3.599672823,0.563194953,0.277803025,1,0
0884.ppm,75,2040,1356,8298720,4389108,548668,1.58666927,1.58675458,15.12521233,93.38852257,32.15752480,14.859000000,29.906000000,14.870643139,29.909590244,1.790517092,3.603688280,1.791920096,3.604120906,0.558060598,0.277460170,1,0
0884.ppm,90,2040,1356,8298720,7434796,929380,2.68769015,2.68777836,8.92930771,88.80092352,34.86903645,15.047000000,30.094000000,15.049659252,30.139972687,1.813171188,3.626342376,1.813491629,3.631882108,0.551422452,0.275339334,1,0
0884.ppm,100,2040,1356,8298720,20245662,2530738,7.31883784,7.31892533,3.27916995,69.50447780,38.97498077,15.953000000,31.079000000,16.016030550,31.080550432,1.922344651,3.745035379,1.929939864,3.745222207,0.518150860,0.267006854,1,0
0885.ppm,10,2040,1356,8298720,1243672,155488,0.44958933,0.44967320,53.37209302,98.12636166,23.25807546,14.610000000,29.672000000,14.638953447,29.730331421,1.760512465,3.575491160,1.764001370,3.582520126,0.566892984,0.279133114,1,0
0885.ppm,30,2040,1356,8298720,2730663,341362,0.98713886,0.98722309,24.31061454,95.88657046,26.19578522,14.735000000,29.750000000,14.775019169,29.777246475,1.775575028,3.584890200,1.780397359,3.588173414,0.561672368,0.278693331,1,0
0885.ppm,50,2040,1356,8298720,3779553,472473,1.36631420,1.36639771,17.56443225,94.30667621,27.51141103,14.703000000,29.750000000,14.730148792,29.827057600,1.771719012,3.584890200,1.774990455,3.594175680,0.563383311,0.278227913,1,0
0885.ppm,75,2040,1356,8298720,5707114,713418,2.06313046,2.06321360,11.63233897,91.40327665,29.33009451,14.937000000,29.891000000,14.950644970,29.970268726,1.799916132,3.601880772,1.801560357,3.611432694,0.555074381,0.276898418,1,0
0885.ppm,90,2040,1356,8298720,9655966,1207025,3.49064651,3.49073110,6.87535055,85.45528708,31.92019037,15.156000000,30.140000000,15.160542488,30.209990501,1.826305744,3.631885399,1.826853116,3.640319290,0.547389383,0.274701179,1,0
0885.ppm,100,2040,1356,8298720,25555834,3194509,9.23847316,9.23855920,2.59780768,61.50600334,35.56482568,16.157000000,31.265000000,16.226759911,31.388852596,1.946926755,3.767448474,1.955332860,3.782372775,0.511421876,0.264384306,1,0
0886.ppm,10,2040,1356,8298720,509861,63762,0.18431553,0.18440049,130.15150089,99.23166464,29.78308807,14.469000000,29.422000000,14.501649618,29.525812864,1.743521893,3.545366032,1.747456188,3.557875536,0.572260413,0.281066606,1,0
0886.ppm,30,2040,1356,8298720,823465,102962,0.29768386,0.29776737,80.59983295,98.75930264,33.87657463,14.484000000,29.438000000,14.506209612,29.583571196,1.745329400,3.547294041,1.748005670,3.564835444,0.572080524,0.280517857,1,0
0886.ppm,50,2040,1356,8298720,1094802,136880,0.39577260,0.39585864,60.62770310,98.35058901,35.07839827,14.484000000,29.547000000,14.540772915,29.615812778,1.745329400,3.560428596,1.752170565,3.568720571,0.570720693,0.280212468,1,0
0886.ppm,75,2040,1356,8298720,1822120,227794,0.65869917,0.65878304,36.43081029,97.25507066,36.46586994,14.594000000,29.734000000,14.604592085,29.757080078,1.758584456,3.582962192,1.759860808,3.585743353,0.568226757,0.278882201,1,0
0886.ppm,90,2040,1356,8298720,3771189,471428,1.36329060,1.36337556,17.60336679,94.31926851,38.32044234,14.703000000,29.875000000,14.766972780,29.889608145,1.771719012,3.599952764,1.779427765,3.601713053,0.561978418,0.277645661,1,0
0886.ppm,100,2040,1356,8298720,13798616,1724856,4.98822083,4.98830470,4.81125381,79.21539707,42.69696500,15.406000000,30.547000000,15.446838617,30.558246613,1.856430871,3.680929107,1.861351946,3.682284330,0.537243912,0.271570555,1,0
0887.ppm,10,2040,1356,8298720,969998,121279,0.35065576,0.35074036,68.42668558,98.53858185,25.53250570,14.531000000,29.594000000,14.547452927,29.594727993,1.750992924,3.566092120,1.752975510,3.566179844,0.570458625,0.280412106,1,0
0887.ppm,30,2040,1356,8298720,1964968,245650,0.71033894,0.71042281,33.78269896,97.03990495,28.66126705,14.688000000,29.656000000,14.684635162,29.699251175,1.769911504,3.573563152,1.769506040,3.578774941,0.565129464,0.279425227,1,0
0887.ppm,50,2040,1356,8298720,2665170,333176,0.96346304,0.96354908,24.90791654,95.98521218,29.98281342,14.656000000,29.750000000,14.685230494,29.796212912,1.766055488,3.584890200,1.769577777,3.590458879,0.565106554,0.278515932,1,0
0887.ppm,75,2040,1356,8298720,3993553,499223,1.44367553,1.44375904,16.62327257,93.98433734,31.87496472,14.735000000,29.750000000,14.779368162,29.840415955,1.775575028,3.584890200,1.780921415,3.595785369,0.561507089,0.278103362,1,0
0887.ppm,90,2040,1356,8298720,6802049,850285,2.45895114,2.45903465,9.75992755,89.75402231,34.75810922,14.969000000,29.954000000,15.004916668,30.019399881,1.803772148,3.609472304,1.808100125,3.617353023,0.553066717,0.276445233,1,0
0887.ppm,100,2040,1356,8298720,18972388,2371578,6.85854734,6.85863266,3.49923975,71.42236393,38.57426449,15.813000000,30.782000000,15.839137554,30.858110189,1.905474579,3.709246727,1.908624168,3.718418044,0.523937618,0.268931569,1,0
0888.ppm,10,2040,1356,8298720,811341,101447,0.29330102,0.29338597,81.80350331,98.77755847,27.58105592,14.515000000,29.609000000,14.521454573,29.633833647,1.749064916,3.567899628,1.749842695,3.570892095,0.571479941,0.280042066,1,0
0888.ppm,30,2040,1356,8298720,1564329,195570,0.56550733,0.56559084,42.43350207,97.64337151,31.42013563,14.672000000,29.734000000,14.671160221,29.770414352,1.767983496,3.582962192,1.767882302,3.587350140,0.565648516,0.278757289,1,0
0888.ppm,50,2040,1356,8298720,2154012,269281,0.77867864,0.77876395,30.81806737,96.75515019,33.02585948,14.766000000,30.094000000,14.767971039,30.139692783,1.779310544,3.626342376,1.779548055,3.631848379,0.561940430,0.275341891,1,0
0888.ppm,75,2040,1356,8298720,3264521,408094,1.18012935,1.18021285,20.33531490,95.08244645,35.08833607,14.828000000,29.765000000,14.853696108,29.793873549,1.786781576,3.586697708,1.789877970,3.590176985,0.558697306,0.278537800,1,0
0888.ppm,90,2040,1356,8298720,5689860,711262,2.05689311,2.05697843,11.66759928,91.42925656,37.83536704,14.860000000,29.890000000,14.873905420,29.976153612,1.790637592,3.601760271,1.792313203,3.612141826,0.557938199,0.276844058,1,0
0888.ppm,100,2040,1356,8298720,17178546,2147348,6.21007071,6.21015675,3.86463675,74.12434689,43.41691919,15.671000000,30.782000000,15.766822338,30.899489641,1.888363507,3.709246727,1.899910147,3.723404289,0.526340681,0.268571426,1,0
0889.ppm,10,2040,1356,8298720,987574,123475,0.35700951,0.35709121,67.20971857,98.51211994,26.63962995,14.562000000,29.641000000,14.558707237,29.740926504,1.754728440,3.571755644,1.754331660,3.583796839,0.570017644,0.279033674,1,0
0889.ppm,30,2040,1356,8298720,1931112,241418,0.69809995,0.69818382,34.37490162,97.09090077,30.79846860,14.859000000,29.813000000,14.856979132,29.858931065,1.790517092,3.592481732,1.790273576,3.598016449,0.558573848,0.277930914,1,0
0889.ppm,50,2040,1356,8298720,2620244,327560,0.94722222,0.94730754,25.33496153,96.05288526,32.41165163,14.688000000,29.718000000,14.713142395,29.779406309,1.769911504,3.581034184,1.772941176,3.588433675,0.564034506,0.278673118,1,0
0889.ppm,75,2040,1356,8298720,3867252,483436,1.39801753,1.39810284,17.16611920,94.17457150,34.27184577,14.735000000,29.828000000,14.785827160,29.946475267,1.775575028,3.594289240,1.781699727,3.608565570,0.561261802,0.277118423,1,0
0889.ppm,90,2040,1356,8298720,6496053,812036,2.34833312,2.34841807,10.21964543,90.21492471,36.56463547,14.953000000,29.969000000,14.968460798,30.000974417,1.801844140,3.611279812,1.803707174,3.615132745,0.554413718,0.276615015,1,0
0889.ppm,100,2040,1356,8298720,18687909,2336018,6.75570775,6.75579270,3.55250687,71.85086375,40.95977140,15.844000000,30.844000000,15.857363224,30.879012823,1.909210095,3.716717759,1.910820370,3.720936822,0.523335430,0.268749524,1,0
0890.ppm,10,2040,1368,8372160,822248,102810,0.29463651,0.29471964,81.43332361,98.77200149,25.35639684,14.750000000,30.172000000,14.776804686,30.199963331,1.761791461,3.603848947,1.764993106,3.607188985,0.566574451,0.277224178,1,0
0890.ppm,30,2040,1368,8372160,1690947,211397,0.60591783,0.60599989,39.60396789,97.47500048,28.37740570,14.719000000,30.000000000,14.748719931,30.069007874,1.758088713,3.583304667,1.761638565,3.591547208,0.567653331,0.278431534,1,0
0890.ppm,50,2040,1368,8372160,2336921,292144,0.83738999,0.83747277,28.65764828,96.51053014,29.84252479,14.734000000,30.031000000,14.788187027,30.098167896,1.759880365,3.587007415,1.766352653,3.595030183,0.566138363,0.278161781,1,0
0890.ppm,75,2040,1368,8372160,3545035,443159,1.27029405,1.27037897,18.89200039,94.70675429,32.28110414,14.890000000,30.235000000,14.914193630,30.289691210,1.778513550,3.611373887,1.781403321,3.617906396,0.561355190,0.276402950,1,0
0890.ppm,90,2040,1368,8372160,5932195,741553,2.12568620,2.12576826,11.29003591,91.14263225,35.99951888,15.047000000,30.250000000,15.082080126,30.333337784,1.797266177,3.613165539,1.801456270,3.623119695,0.555106453,0.276005234,1,0
0890.ppm,100,2040,1368,8372160,17276235,2159558,6.19060135,6.19068341,3.87679331,74.20548580,41.08805750,15.781000000,31.046000000,15.827812910,31.114500761,1.884937698,3.708242556,1.890529196,3.716424526,0.528952424,0.269075826,1,0
0891.ppm,10,1668,2040,10208160,1203650,150485,0.35373172,0.35379931,67.83506662,98.52583619,25.27658886,17.954000000,36.703000000,17.957268715,36.772758484,1.758789047,3.595456968,1.759109253,3.602290568,0.568469524,0.277601149,1,0
0891.ppm,30,1668,2040,10208160,2431430,303959,0.71455483,0.71462595,33.58400311,97.02239189,28.69343904,18.062000000,36.843000000,18.083244801,36.866665602,1.769368819,3.609171486,1.771449977,3.611489789,0.564509308,0.276894041,1,0
0891.ppm,50,1668,2040,10208160,3332290,416566,0.97930185,0.97937180,24.50550453,95.91928418,30.17447607,18.203000000,36.984000000,18.274044991,37.072272062,1.783181298,3.622983966,1.790140926,3.631631172,0.558615238,0.275358359,1,0
0891.ppm,75,1668,2040,10208160,4987085,623415,1.46561721,1.46568627,16.37458194,93.89297386,32.19656775,18.406000000,36.813000000,18.421407938,36.923116922,1.803067350,3.606232661,1.804576725,3.617019808,0.554146569,0.276470700,1,0
0891.ppm,90,1668,2040,10208160,8425857,1053261,2.47621227,2.47628015,9.69195669,89.68216603,34.94908250,18.500000000,37.000000000,18.537641525,37.091627121,1.812275670,3.624551339,1.815963065,3.633527210,0.550671993,0.275214672,1,0
0891.ppm,100,1668,2040,10208160,23684082,2960539,6.96033820,6.96040579,3.44807483,70.99830920,38.78294789,19.609000000,38.047000000,19.607276678,38.097761631,1.920914249,3.727116346,1.920745431,3.732088999,0.520631201,0.267946450,1,0
0892.ppm,10,2040,1284,7858080,921274,115189,0.35171721,0.35180808,68.21901397,98.53413302,26.63384217,13.907000000,28.281000000,13.921691179,28.314334393,1.769770733,3.598970741,1.771640296,3.603212794,0.564448665,0.277530098,1,0
0892.ppm,30,2040,1284,7858080,1754980,219402,0.67000336,0.67009346,35.81589958,97.20794393,30.56726521,13.937000000,29.203000000,13.942900658,29.253890991,1.773588459,3.716302201,1.774339362,3.722778464,0.563590044,0.268616575,1,0
0892.ppm,50,2040,1284,7858080,2347798,293504,0.89632506,0.89641439,26.77333188,96.26494004,32.09972250,13.937000000,28.250000000,13.984196901,28.283697605,1.773588459,3.595025757,1.779594621,3.599314032,0.561925726,0.277830718,1,0
0892.ppm,75,2040,1284,7858080,3430823,428883,1.30979438,1.30988638,18.32219976,94.54214006,34.00258546,14.079000000,28.329000000,14.127129555,28.418105602,1.791659031,3.605079103,1.797783880,3.616418464,0.556240386,0.276516673,1,0
0892.ppm,90,2040,1284,7858080,5721645,715235,2.18436756,2.18445727,10.98671066,90.89809470,36.54102904,14.234000000,28.531000000,14.249806404,28.607899189,1.811383951,3.630785128,1.813395436,3.640571130,0.551451702,0.274682176,1,0
0892.ppm,100,2040,1284,7858080,16380118,2047544,6.25348100,6.25357034,3.83780764,73.94345693,40.97418682,14.922000000,29.265000000,14.922931194,29.334569693,1.898937145,3.724192169,1.899055646,3.733045438,0.526577513,0.267877800,1,0
0893.ppm,10,2040,1356,8298720,598056,74786,0.21619816,0.21628203,110.96622362,99.09882488,28.75778924,14.500000000,29.672000000,14.521224022,29.761575937,1.747257408,3.575491160,1.749814914,3.586285106,0.571489014,0.278840073,1,0
0893.ppm,30,2040,1356,8298720,1115275,139439,0.40317362,0.40325930,59.51505676,98.31975293,32.26154349,14.531000000,29.625000000,14.555764914,29.677617550,1.750992924,3.569827636,1.753977109,3.576168078,0.570132868,0.279628915,1,0
0893.ppm,50,2040,1356,8298720,1739543,217472,0.62884746,0.62893169,38.15994703,97.37945129,33.56053685,14.625000000,29.735000000,14.682422400,29.762376070,1.762319972,3.583082692,1.769239401,3.586381523,0.565214634,0.278832576,1,0
0893.ppm,75,2040,1356,8298720,2999610,374981,1.08436361,1.08444965,22.13104131,95.48145979,35.24520248,14.672000000,29.750000000,14.731895924,29.812508821,1.767983496,3.584890200,1.775200986,3.592422545,0.563316497,0.278363691,1,0
0893.ppm,90,2040,1356,8298720,5747350,718448,2.07767583,2.07776043,11.55089860,91.34266489,37.66745518,14.922000000,29.968000000,14.984904051,30.048223972,1.798108624,3.611159311,1.805688594,3.620826341,0.553805348,0.276180050,1,0
0893.ppm,100,2040,1356,8298720,17144241,2143059,6.19766940,6.19775291,3.87237122,74.17602956,45.49396388,15.625000000,30.781000000,15.663473606,30.810940742,1.882820483,3.709126227,1.887456572,3.712734101,0.529813514,0.269343285,1,0
0894.ppm,10,1356,2040,8298720,659991,82529,0.23858776,0.23867488,100.55519878,99.00552133,28.66171864,14.469000000,29.671000000,14.525272131,29.697668791,1.743521893,3.575370660,1.750302713,3.578584262,0.571329743,0.279440116,1,0
0894.ppm,30,1356,2040,8298720,1264968,158150,0.45728787,0.45737174,52.47372747,98.09428442,33.27771158,14.500000000,29.609000000,14.571219206,29.652753592,1.747257408,3.567899628,1.755839359,3.573171958,0.569528183,0.279863385,1,0
0894.ppm,50,1356,2040,8298720,1719230,214934,0.62150428,0.62159176,38.61055022,97.41003432,35.02545463,14.641000000,29.734000000,14.667531252,29.762251139,1.764247980,3.582962192,1.767445010,3.586366468,0.565788466,0.278833747,1,0
0894.ppm,75,1356,2040,8298720,2560540,320097,0.92563913,0.92572445,25.92564129,96.14281480,37.31927266,14.750000000,29.765000000,14.762903929,29.761452913,1.777382536,3.586697708,1.778937466,3.586270282,0.562133307,0.278841225,1,0
0894.ppm,90,1356,2040,8298720,4404112,550543,1.59209324,1.59217711,15.07369997,93.36592872,40.56661467,14.766000000,29.937000000,14.807056189,30.049067259,1.779310544,3.607423795,1.784257836,3.620927957,0.560457115,0.276172299,1,0
0894.ppm,100,1356,2040,8298720,12839414,1604956,4.64146784,4.64155243,5.17068381,80.66019820,46.37090569,15.375000000,30.407000000,15.383518457,30.476036787,1.852695355,3.664059036,1.853721834,3.672378004,0.539455263,0.272303123,1,0
0895.ppm,10,2040,1284,7858080,1456887,182140,0.55619961,0.55628856,43.14307675,97.68213100,22.05997961,13.875000000,28.266000000,13.903025627,28.301382542,1.765698491,3.597061878,1.769264964,3.601564573,0.565206467,0.277657107,1,0
0895.ppm,30,2040,1284,7858080,3075977,384527,1.17432388,1.17441512,20.43570412,95.10660365,25.03813854,14.109000000,28.344000000,14.137832165,28.397681713,1.795476758,3.606987967,1.799145868,3.613819370,0.555819302,0.276715546,1,0
0895.ppm,50,2040,1284,7858080,4256049,532035,1.62484309,1.62493128,14.76985537,93.22945300,26.64417673,14.062000000,28.516000000,14.127113581,28.568791866,1.789495653,3.628876265,1.797781848,3.635594428,0.556241015,0.275058184,1,0
0895.ppm,75,2040,1284,7858080,6383441,797959,2.43702317,2.43711136,9.84772401,89.84536935,29.22491696,14.250000000,28.734000000,14.304692745,28.793486357,1.813420072,3.656618411,1.820380137,3.664188499,0.549335812,0.272911724,1,0
0895.ppm,90,2040,1284,7858080,10357043,1294659,3.95403572,3.95412314,6.06961370,83.52448690,32.80612816,14.562000000,28.828000000,14.583771229,28.862083197,1.853124427,3.668580620,1.855894981,3.672917964,0.538823592,0.272263092,1,0
0895.ppm,100,2040,1284,7858080,25903411,3237955,9.88921378,9.88930120,2.42686510,58.79457832,37.52479730,15.453000000,29.750000000,15.509884834,29.814212799,1.966510903,3.785912080,1.973749928,3.794083644,0.506649797,0.263568254,1,0
0896.ppm,10,2040,1356,8298720,471539,58972,0.17046207,0.17054775,140.72305501,99.28938439,31.69421729,14.468000000,29.547000000,14.464159966,29.588094473,1.743401392,3.560428596,1.742938666,3.565380501,0.573743655,0.280474973,1,0
0896.ppm,30,2040,1356,8298720,645467,80713,0.23333731,0.23342299,102.81763780,99.02740423,37.03907439,14.437000000,29.578000000,14.461212635,29.618822336,1.739665876,3.564164112,1.742583511,3.569083224,0.573860589,0.280183996,1,0
0896.ppm,50,2040,1356,8298720,787984,98527,0.28485742,0.28494129,84.22787662,98.81274462,38.59056134,14.625000000,29.656000000,14.667020798,29.702991962,1.762319972,3.573563152,1.767383500,3.579225707,0.565808157,0.279390036,1,0
0896.ppm,75,2040,1356,8298720,1263313,157944,0.45668959,0.45677598,52.54216684,98.09676673,40.08596314,14.578000000,29.750000000,14.566064119,29.826438427,1.756656448,3.584890200,1.755218169,3.594101069,0.569729745,0.278233689,1,0
0896.ppm,90,2040,1356,8298720,2909011,363656,1.05161194,1.05169761,22.82024771,95.61792662,41.90665569,14.750000000,29.750000000,14.760663986,29.776064157,1.777382536,3.584890200,1.778667552,3.588030944,0.562218611,0.278704397,1,0
0896.ppm,100,2040,1356,8298720,12775772,1597001,4.61846116,4.61854647,5.19644008,80.75605636,49.01872079,15.328000000,30.969000000,15.396208048,31.053915262,1.847031831,3.731780323,1.855250936,3.742012655,0.539010643,0.267235868,1,0
0897.ppm,10,2040,1368,8372160,1780447,222585,0.63798840,0.63807190,37.61331626,97.34136710,22.35353923,20.531000000,32.359000000,22.070784092,33.059334278,2.452294271,3.865071857,2.636211455,3.948722227,0.379332241,0.253246479,1,0
0897.ppm,30,2040,1368,8372160,3653396,456704,1.30912309,1.30920766,18.33169843,94.54496808,25.65465713,14.969000000,30.344000000,14.998563290,30.398624182,1.787949585,3.624393227,1.791480728,3.630917730,0.558197465,0.275412464,1,0
0897.ppm,50,2040,1368,8372160,4970184,621303,1.78096835,1.78105435,13.47516429,92.57894020,27.16705158,15.047000000,30.375000000,15.090324879,30.431428909,1.797266177,3.628095975,1.802441052,3.634836041,0.554803165,0.275115573,1,0
0897.ppm,75,2040,1368,8372160,7332176,916551,2.62734205,2.62742518,9.13441805,89.05239508,29.37662147,15.172000000,30.922000000,15.223443031,30.962956905,1.812196614,3.693431564,1.818341149,3.698323599,0.549951807,0.270392780,1,0
0897.ppm,90,2040,1368,8372160,11821098,1477666,4.23585956,4.23594198,5.66579998,82.35024175,32.48741174,15.921000000,30.968000000,15.926435232,31.006469011,1.901659787,3.698925964,1.902308990,3.703520837,0.525676956,0.270013332,1,0
0897.ppm,100,2040,1368,8372160,28759461,3594962,10.30539108,10.30547529,2.32885911,57.06051963,37.17489296,16.610000000,31.985000000,16.630531073,32.062864065,1.983956351,3.820399992,1.986408654,3.829700348,0.503421085,0.261117035,1,0
0898.ppm,10,2040,1356,8298720,535466,66963,0.19357178,0.19365782,123.92993145,99.19309243,29.25594312,14.500000000,29.547000000,14.552702427,29.589766264,1.747257408,3.560428596,1.753608078,3.565581953,0.570252848,0.280459127,1,0
0898.ppm,30,2040,1356,8298720,819475,102463,0.29624147,0.29632425,80.99235822,98.76531561,33.45734189,14.547000000,29.641000000,14.565716743,29.650657654,1.752920932,3.571755644,1.755176310,3.572919396,0.569743333,0.279883168,1,0
0898.ppm,50,2040,1356,8298720,1095818,137007,0.39613989,0.39622592,60.57150365,98.34905865,34.71706451,14.547000000,29.656000000,14.581804752,29.736732960,1.752920932,3.573563152,1.757114923,3.583291515,0.569114739,0.279073024,1,0
0898.ppm,75,2040,1356,8298720,1936599,242105,0.70008351,0.70017063,34.27735900,97.08262238,36.09632608,14.704000000,29.657000000,14.716593504,29.717244864,1.771839513,3.573683652,1.773357036,3.580943189,0.563902237,0.279256036,1,0
0898.ppm,90,2040,1356,8298720,3955606,494479,1.42995763,1.43003933,16.78275518,94.04150279,38.03307776,14.891000000,29.937000000,14.922876835,30.080747128,1.794373108,3.607423795,1.798214283,3.624745398,0.556107250,0.275881446,1,0
0898.ppm,100,2040,1356,8298720,14842563,1855349,5.36560927,5.36569206,4.47286198,77.64294976,42.66829556,15.547000000,30.703000000,15.573358297,30.712163210,1.873421443,3.699727187,1.876597632,3.700831358,0.532879283,0.270209556,1,0
0899.ppm,10,2040,1356,8298720,817742,102247,0.29561499,0.29569958,81.16345712,98.76791843,26.53068571,14.531000000,29.594000000,14.551425695,29.628872156,1.750992924,3.566092120,1.753454231,3.570294233,0.570302881,0.280088960,1,0
0899.ppm,30,2040,1356,8298720,1630644,203860,0.58948031,0.58956562,40.70793682,97.54347658,30.20052440,14.562000000,29.625000000,14.639404774,29.714056015,1.754728440,3.569827636,1.764055755,3.580558931,0.566875507,0.279286005,1,0
0899.ppm,50,2040,1356,8298720,2229122,278669,0.80583102,0.80591417,29.77984634,96.64202431,31.94911435,14.656000000,29.719000000,14.698976040,29.753900766,1.766055488,3.581154684,1.771234123,3.585360244,0.564578102,0.278912001,1,0
0899.ppm,75,2040,1356,8298720,3312580,414102,1.19750275,1.19758806,20.04027993,95.01004974,34.37314493,14.844000000,29.875000000,14.841878414,29.917115211,1.788709584,3.599952764,1.788453932,3.605027668,0.559142163,0.277390381,1,0
0899.ppm,90,2040,1356,8298720,5534571,691851,2.00075590,2.00084158,11.99495267,91.66316010,37.48686362,14.922000000,30.000000000,14.939388990,30.064951897,1.798108624,3.615015328,1.800204006,3.622842064,0.555492598,0.276026385,1,0
0899.ppm,100,2040,1356,8298720,15738624,1967358,5.68953670,5.68962346,4.21820533,76.29323558,42.51560802,15.547000000,30.640000000,15.603872061,30.702726603,1.873421443,3.692135655,1.880274556,3.699694242,0.531837224,0.270292606,1,0
0900.ppm,10,2040,1152,7050240,774487,96841,0.32955772,0.32966027,72.80222220,98.62641555,26.38774807,12.312000000,25.156000000,12.329175949,25.171806335,1.746323529,3.568105483,1.748759751,3.570347440,0.571833838,0.280084786,1,0
0900.ppm,30,2040,1152,7050240,1478159,184798,0.62898242,0.62907816,38.15106224,97.37884100,29.63005486,12.343000000,25.093000000,12.363452673,25.142681599,1.750720543,3.559169617,1.753621532,3.566216412,0.570248472,0.280409231,1,0
0900.ppm,50,2040,1152,7050240,2012198,251554,0.85622532,0.85632489,28.02674575,96.43197962,30.83275447,12.468000000,25.219000000,12.491886377,25.280689478,1.768450436,3.577041349,1.771838459,3.585791332,0.564385537,0.278878470,1,0
0900.ppm,75,2040,1152,7050240,3038862,379887,1.29308875,1.29318832,18.55878195,94.61171535,32.34210867,12.485000000,25.266000000,12.512772799,25.281396627,1.770861701,3.583707789,1.774800971,3.585891633,0.563443460,0.278870669,1,0
0900.ppm,90,2040,1152,7050240,5355861,669513,2.27901220,2.27911560,10.53040046,90.50368498,34.36606363,12.734000000,25.406000000,12.747395277,25.439244747,1.806179648,3.603565269,1.808079622,3.608280675,0.553072988,0.277140303,1,0
0900.ppm,100,2040,1152,7050240,15971626,1996483,6.79620524,6.79630651,3.53132984,71.68205621,37.30671300,13.437000000,26.157000000,13.471548796,26.193000078,1.905892565,3.710086465,1.910792937,3.715192685,0.523342943,0.269165043,1,0
